Index,Occurrence,Gamma,Tau
0,0.22089970648856538,-0.000216785844239094,-0.31598059012031904
1,0.20834137668893077,-0.0002666259263738054,-0.5256906460112931
2,0.20724146160154938,-0.00027772625897124024,-0.4081482115230165
3,0.21056842770577605,-0.0002277197953660856,-0.3935140624703775
4,0.20260981516963572,-0.0002501730371838837,-0.3468709760078444
5,0.21174273885775008,-0.0002388747761045994,-0.422225471580282
6,0.21970308905988245,-0.0001974557071248824,-0.35964052340971303
7,0.22211705482587052,-0.00021041201184560652,-0.42125481556596445
8,0.20602902817883795,-0.00028320910915943093,-0.5906328295936687
9,0.22136058467695885,-0.000231687290875461,-0.3245261325606855
10,0.21450089652810717,-0.0001753871461691136,-0.3124112497539115
11,0.2095996412123992,-0.00025394843274535234,-0.3791611009254201
12,0.21448020567934795,-0.0003466611712367643,-0.5047527344899004
13,0.20154815901361872,-0.00029866938531527046,-0.40292898320614207
14,0.21641284388412935,-0.00015367283346038465,-0.341280036388876
15,0.2218214187058382,-0.00021651356643650045,-0.39883584056653265
16,0.2043779201657323,-0.00031158873737561165,-0.35552210057830314
17,0.20527975500870865,-0.0002981359497667103,-0.3539493145973168
18,0.2001140930884378,-0.00021431292562622433,-0.48607345383056066
19,0.2048617759860964,-0.0002762044475608654,-0.3567774639807146
20,0.21174299742382757,-0.0002701778849089231,-0.29621081563865775
21,0.20331252966076796,-0.0002874716278478112,-0.42393583465473483
22,0.21250848409393908,-0.00025376074199818697,-0.44864096006521154
23,0.20586671576774546,-0.00024132843017982152,-0.5163104020836791
24,0.22060670419951023,-0.00021181044829532937,-0.442447716698954
25,0.2112789196374359,-0.0002747752781727558,-0.4521011640007603
26,0.21046479864559225,-0.00023724623606967605,-0.4757291462629029
27,0.21553571474815597,-0.0003216834768591651,-0.37388648803874164
28,0.1972630993965122,-0.00029493258112432306,-0.47871483055031444
29,0.2033916671758212,-0.0002712616554111944,-0.47471613063607077
30,0.19984544103314877,-0.000251753125834675,-0.4736168067827603
31,0.2152836079478076,-0.00026025814628558757,-0.4639118670441573
32,0.2129738521717624,-0.0002827420606619529,-0.5662307407246262
33,0.20736884239168107,-0.0002724369327135307,-0.4629673038629943
34,0.19607222367043126,-0.0002902825364514872,-0.45839532074879835
35,0.21429914647299764,-0.0003011291180429947,-0.4669330217667332
36,0.20021790310010423,-0.00025233104117187164,-0.4036026224634356
37,0.209652057273295,-0.00022749328206533712,-0.5359360985996665
38,0.20549017939165465,-0.0003169424917574687,-0.5067581097992613
39,0.2122959430074723,-0.00022640378989267063,-0.29331199439863853
40,0.21923570443043772,-0.00024365379579452222,-0.3441770456380415
41,0.21277604001450506,-0.00022261235828568605,-0.4999943749497478
42,0.2084815810189649,-0.0003077940921131175,-0.4182532754782108
43,0.21973452202853455,-0.0002473981509980904,-0.381165498395105
44,0.20379852715815527,-0.0002501106556932317,-0.3395311727028375
45,0.20790201225328275,-0.00032445906766016396,-0.45895766363808665
46,0.2235938141891291,-0.00023901547535354155,-0.3507789566570798
47,0.2203167045731731,-0.00022668818538411491,-0.39591514834445685
48,0.2160488259646393,-0.0002772476893826158,-0.4696057430863225
49,0.21278766202658156,-0.00023475245519837874,-0.3044118330950161
50,0.22110075808924173,-0.0001940780224448051,-0.3663560773945167
51,0.20773705705008844,-0.00023743962946480676,-0.44317358375231247
52,0.21633189904581918,-0.00034338020712991555,-0.5181491640210538
53,0.21547859020312665,-0.00025157670870752625,-0.31530202205079294
54,0.21205500344287675,-0.0002285610969073535,-0.3133107120561903
55,0.22470925956598375,-0.0002754319342063785,-0.43716612956422357
56,0.21816192184707972,-0.0002810697620494662,-0.4159498626297018
57,0.201449173289734,-0.000275786173711594,-0.3778739234601821
58,0.20482830545010766,-0.00024955106998791155,-0.4073026021976824
59,0.20720919176350505,-0.00029122380415027557,-0.36785110185816405
60,0.21522022378944244,-0.0002673298650064794,-0.4114037511292656
61,0.20600751850598953,-0.00028545393590830216,-0.39322758332518387
62,0.21313954834069793,-0.00017798717259114895,-0.28049183327336463
63,0.20136587007829654,-0.00024966431361373467,-0.43943921528559055
64,0.2209754531707897,-0.00021660043696448354,-0.44083119229447376
65,0.20999217099605366,-0.0002538161622622813,-0.42284199859636173
66,0.21130514438555537,-0.00024178988431427059,-0.37583408064367985
67,0.2122784079941819,-0.00028855334156276195,-0.42884695729436745
68,0.2011158862203593,-0.0002850669815722079,-0.46759950567191133
69,0.20686260961646535,-0.0002409893246206707,-0.37365508259252267
70,0.20427491594570768,-0.000256484784873969,-0.4637119388291487
71,0.21620019831103826,-0.00031534784113855237,-0.3879347913108565
72,0.21593447286903145,-0.00028583188715510264,-0.4934209425877318
73,0.21925952732628773,-0.0003161255215071289,-0.47127010160744526
74,0.21460670674304594,-0.0002289119773411802,-0.4239486406472443
75,0.21199931625747293,-0.00030451793485068636,-0.4156015816247985
76,0.19815747108000775,-0.0002657645186421167,-0.314576094946852
77,0.20866409484139636,-0.00023093032019712962,-0.5398139435205216
78,0.20414994085691274,-0.0002796017209861557,-0.5628780126503501
79,0.21206679515102783,-0.00025950050696663975,-0.3214096199552146
80,0.22209376494127586,-0.00020559872351402843,-0.35878233050037095
81,0.21128054027130155,-0.000248882507368696,-0.5470598873663732
82,0.21419702751210135,-0.0003068927301347134,-0.4241118655441888
83,0.21709068446665497,-0.00023335914521101258,-0.42628794453456187
84,0.20950406936869814,-0.000249377868832229,-0.3136063874330312
85,0.20673031297154076,-0.0003224586731855136,-0.4444034202737154
86,0.21963388977185438,-0.00022456491691431142,-0.3860781538443621
87,0.2109712636578528,-0.00024931644070257445,-0.38166654432278113
88,0.21642915702546978,-0.0002522874596792485,-0.45484408488616657
89,0.20879348733407077,-0.0002043917257986991,-0.2832770756632619
90,0.21077621495830717,-0.0002609347759370016,-0.3586372134470325
91,0.2114228321506687,-0.00025784699595887884,-0.42564342544352385
92,0.20889471667577508,-0.0002813848097897551,-0.42701898896362006
93,0.20583438221510614,-0.00024303129662632192,-0.34671944338257477
94,0.2029897607640313,-0.0002530282212684029,-0.37277447781942524
95,0.21464434608054928,-0.00027477319523763473,-0.4704272210529825
96,0.21200515475209963,-0.0002710302046466468,-0.39682440584977735
97,0.2170507595325697,-0.00025555123694091423,-0.2757933832065224
98,0.19849930772060853,-0.0002753589946783484,-0.4287625299052735
99,0.21131362510186014,-0.00032061965034243346,-0.37156420695737646
100,0.2188516024686416,-0.0002831690335917969,-0.4025864021660096
101,0.19765548221265905,-0.00027672965086864893,-0.3482508220407458
102,0.21723862085498052,-0.0002037669856772893,-0.3058596850757752
103,0.20782456045057973,-0.00026106647701351507,-0.44338468882319515
104,0.22344920950300817,-0.00023624062460945826,-0.37479469602623106
105,0.2042754534643894,-0.0002575155281835201,-0.42904467952322933
106,0.22558205034860207,-0.00023346959210063527,-0.2975263139632192
107,0.21270377205210772,-0.0003332334118284166,-0.43909285465703246
108,0.20118752264338197,-0.00027943097509715927,-0.47523105302650726
109,0.19707215647752946,-0.00021622370228320068,-0.32258018385062837
110,0.2011407649598813,-0.0002761483888643891,-0.4599623446330567
111,0.21786571046190578,-0.0002502408456315016,-0.2634060871927242
112,0.2198363685519445,-0.00027415394846547946,-0.42788524124853305
113,0.22265894945495185,-0.00027038772167058936,-0.3468125899585934
114,0.21348993696372487,-0.00024953425701423405,-0.41204652473342024
115,0.20911049619832517,-0.00034756000008037355,-0.3561910235935496
116,0.19927786069353587,-0.00026986199249635033,-0.3014969000373019
117,0.212946728769713,-0.0002193964426376334,-0.3540488079159386
118,0.20165014142299065,-0.0002589243289600007,-0.45127942339027705
119,0.2055567005556042,-0.0002675315797406576,-0.37175233357960485
120,0.21877821280172077,-0.00021672389104324008,-0.3497887998575944
121,0.2142212516806689,-0.00024133231041646947,-0.46117930938414253
122,0.21450044502863747,-0.0003147527323044606,-0.48126785576230235
123,0.20996143778593712,-0.0002719067335951086,-0.4663186022400541
124,0.2097662828587376,-0.00018496311007947918,-0.2916771569005013
125,0.20900264347728653,-0.00035220682795223106,-0.43361752253383007
126,0.2225668545295415,-0.00021401003886910048,-0.32531028172622944
127,0.21593326016828845,-0.00024591076164353037,-0.3229437327684786
128,0.2173017861423306,-0.00026304170444182176,-0.5176449626673629
129,0.19856553460049747,-0.0002208147852093271,-0.19484427158755369
130,0.20859416831226024,-0.0002823649447886204,-0.3802095970260506
131,0.21535395477390423,-0.00030274410502791245,-0.46769411562502483
132,0.20317687025330888,-0.0002921016415157959,-0.4386833124760819
133,0.21093326175016902,-0.0002606435731728288,-0.3909672955639563
134,0.2027053625827807,-0.000247950900935084,-0.38885753935187545
135,0.21449333008090193,-0.0002778575459776078,-0.38327359606828604
136,0.21324453046231578,-0.0002585724426972605,-0.4218313300693836
137,0.2154697145031168,-0.00027578247019697936,-0.3066317314722863
138,0.19984995968289776,-0.0002578726756107613,-0.36878028489760056
139,0.2204476086092717,-0.0002851727411253332,-0.44594424070487243
140,0.20720480039033962,-0.0002752052800612194,-0.4275220593529592
141,0.20771053172203124,-0.00025423236965255874,-0.43912584737772625
142,0.21661112340991162,-0.0002176051519880027,-0.3203511385024861
143,0.20491218273525513,-0.00031829506371530795,-0.44627311687113724
144,0.2242761008228703,-0.00026887707279961697,-0.4214325441050465
145,0.21436805866927616,-0.00024404236526632725,-0.403973092095169
146,0.2185117746260143,-0.00025335997740687336,-0.35468879869262177
147,0.20446539606571273,-0.00030326053105661434,-0.4124963140470222
148,0.20943323181163626,-0.0002806921392209652,-0.5179016745913879
149,0.21838293057587588,-0.00024249588613855784,-0.3702735721505835
150,0.21005581664153578,-0.00026382826524799216,-0.45088093312524624
151,0.2161801977879077,-0.0002747869397797412,-0.27281125756915886
152,0.21315919186796434,-0.0002668611455477303,-0.5254057650786623
153,0.21689150251761768,-0.00025556588456465793,-0.35579316856652776
154,0.205742406286347,-0.00021246955643708056,-0.33546067104191624
155,0.22513376450310008,-0.00030004269567239137,-0.39129947922231534
156,0.20986854693832496,-0.0002531600828914993,-0.3182184336356419
157,0.22395614419198356,-0.00023425924838303504,-0.34540883054685956
158,0.20360079563713945,-0.00022806201185646106,-0.47093558258312945
159,0.20612851694889978,-0.00022629156399424984,-0.29405963004056296
160,0.2242053469228248,-0.0002468804565225235,-0.4023430351864482
161,0.22086905000713564,-0.00025407551399540904,-0.3873493010250396
162,0.21243544272872494,-0.0002646874517126905,-0.4197801821854576
163,0.22083125210181903,-0.00031752435033600567,-0.5139717914375757
164,0.20958043844652208,-0.00018749899611143718,-0.29663012512351516
165,0.2082005918251244,-0.0003084023935456627,-0.4281427946515081
166,0.2153483211110988,-0.0002440477840335721,-0.3151842551032411
167,0.21671951575211712,-0.0002447394075193081,-0.20027301958309252
168,0.2156644242982616,-0.0002254506254647063,-0.3929408928228192
169,0.20715111342034115,-0.00021574948731561966,-0.32467526290909926
170,0.2067893182399551,-0.0002559792992091439,-0.32798097952945565
171,0.22039766984621673,-0.0002831503431016743,-0.4421457760765625
172,0.20342699330325603,-0.00028041831448127094,-0.4674440823129888
173,0.20693004970959816,-0.0002738459069133375,-0.3449658040592109
174,0.20248612560870471,-0.00027563877120725786,-0.3867149156997373
175,0.22458887490046014,-0.0002541436787375816,-0.3292662026188504
176,0.21497170073785338,-0.0002954097466268381,-0.4058109222063771
177,0.21647075957193934,-0.0002061282772470015,-0.25440166396745995
178,0.20431267937095737,-0.0002722585403915849,-0.3438633412319189
179,0.2191955389018735,-0.00026217392687175235,-0.4491401658997675
180,0.20669922997368362,-0.0002778063277534108,-0.43830889250297256
181,0.20169975062450402,-0.00024568862434795185,-0.45270419182160654
182,0.2229327467762705,-0.00019945254833370106,-0.3517003050530409
183,0.21812744518209554,-0.0003512683039818971,-0.4683755593993122
184,0.21587700208248467,-0.0002221574312586899,-0.2519722988496487
185,0.21454104997632412,-0.00024685098738508847,-0.3296203219038494
186,0.21516921586984716,-0.0002623929378965037,-0.3941998889187238
187,0.20548420445308774,-0.00032538030439133983,-0.4757131686447811
188,0.21620003973432733,-0.00025092474590667293,-0.42406487395352915
189,0.20484458118812282,-0.00023403233771523692,-0.21885230999400518
190,0.2138124239223781,-0.0002211296215299977,-0.4220120867541557
191,0.21289820634611772,-0.00029649107202973533,-0.3758365712445209
192,0.20502010119150582,-0.00024224146818239777,-0.43801135691916976
193,0.21959278289781858,-0.00027266605589144227,-0.34444497953743347
194,0.20485205837769555,-0.00024658693775824066,-0.41612512522317746
195,0.21683710885459406,-0.0002742321968798836,-0.35585384101432327
196,0.21569446075485876,-0.00026142586077247876,-0.24730711650882148
197,0.2260676001457395,-0.00024672536093264656,-0.3485206858736822
198,0.20642506396594462,-0.00023558369915243564,-0.40954432499874716
199,0.21555123349733413,-0.00024622818459847743,-0.32937854772469266
200,0.23032195457257942,-0.00026487957413251007,-0.4016079342017985
201,0.21675610202719126,-0.0002539494263801959,-0.3867260758878238
202,0.2101888171683164,-0.0001885406343215941,-0.30502872443185713
203,0.22053806262619802,-0.000304287145655819,-0.4671921798178385
204,0.2070629590633314,-0.0002814703345313487,-0.3254180603607042
205,0.21186990466276934,-0.00028860138226065123,-0.4158521944128251
206,0.2146840005163672,-0.00021450744344674838,-0.21913236206719344
207,0.20516977454680146,-0.00022109165714571924,-0.29420453932636154
208,0.2200346026471522,-0.0002311373435102054,-0.4258056469093729
209,0.20411670712430346,-0.00021626533968465263,-0.35338258428574193
210,0.20078818299864087,-0.00025654856728372856,-0.3207491818012365
211,0.21437694114472755,-0.0003152040969741438,-0.4603896587424438
212,0.20541007950393386,-0.0002556002342834149,-0.5267135442295812
213,0.2065108102873517,-0.0002691212458298327,-0.3638521889608128
214,0.19035617680339745,-0.0002736604072910346,-0.3753443392175409
215,0.2353299718930078,-0.00024396588405868657,-0.4090395236982113
216,0.2052402668383252,-0.000335378776637623,-0.41594041630740514
217,0.20873239695966916,-0.00022313948299969056,-0.3227710834158925
218,0.19713587879024919,-0.0002882434864215597,-0.4391462069786704
219,0.21716022733612855,-0.00025543621652225255,-0.4276818316678469
220,0.21009469366644057,-0.00026670762960869757,-0.47122683311205776
221,0.21427125927459967,-0.00030620166988372464,-0.44765395400932234
222,0.22074766396768591,-0.0002698919427312899,-0.41315851464013204
223,0.20399717843089255,-0.0002904225383726436,-0.32485267061814715
224,0.22095818052556482,-0.00021835977694053494,-0.3125647007503568
225,0.21336331701493483,-0.00026937211511954317,-0.41685139291289186
226,0.20528322100326524,-0.00025116410628095806,-0.3799974968814752
227,0.20747405486421627,-0.0002810794072133407,-0.46412100980510035
228,0.21396307013747018,-0.00022675102996074382,-0.4172580931576921
229,0.20646141522325606,-0.00024024316132718185,-0.21273742089432635
230,0.22590008472982337,-0.0001929038195901189,-0.3049445056982127
231,0.21719617648458595,-0.0002865688341212667,-0.34508097018424116
232,0.21234441382746228,-0.000182004907858537,-0.42013069544351933
233,0.21368998463349748,-0.00023880924294760725,-0.42424259943341114
234,0.21323020581634716,-0.00022743214519751757,-0.3885203441410964
235,0.2221053476137903,-0.00030520112999879364,-0.33260095353530794
236,0.2075116296222007,-0.0002701194179069279,-0.22528412535740938
237,0.20955559153817827,-0.00027120255185296503,-0.30975005243630516
238,0.2094760146561801,-0.0002459781688706243,-0.44972419749386516
239,0.21400742387807126,-0.00022905709087859183,-0.2567555582566683
240,0.21629004369392213,-0.00021550238080533118,-0.20961165053660613
241,0.2198842903393834,-0.0002400206522659818,-0.38194121699727596
242,0.20951743733592904,-0.00019648981289102527,-0.33831649646559303
243,0.22085673624123348,-0.0003146598940697382,-0.4735948894472598
244,0.2101441534064335,-0.0002845675428305174,-0.34913611606487266
245,0.21354622802733603,-0.0002907207946297854,-0.4235389686398401
246,0.2143816909908554,-0.0002643718393068863,-0.24949871051315708
247,0.20730230220453028,-0.00023517457275700686,-0.20594170142776413
248,0.22644698699119475,-0.00023839240570245885,-0.2475513814259337
249,0.21375486373705993,-0.00025802313904606505,-0.37977288691917915
250,0.20601131748528412,-0.00025143428808748587,-0.2999383846481967
251,0.21334472655437442,-0.0002620595163660646,-0.17199124745945327
252,0.20300328817088437,-0.0002584193563527493,-0.40685208996123695
253,0.2142677377306243,-0.00024157316802597237,-0.3184761763271567
254,0.2015439315505031,-0.00023477346008689284,-0.3234248994283481
255,0.2242612451359824,-0.00025114231625309727,-0.3462693891311405
256,0.21061852400655406,-0.000253927683734661,-0.40982504293590527
257,0.20610275348781776,-0.00021066905069328935,-0.23847357513627743
258,0.20587300933217134,-0.0002321698032260758,-0.3169946312640106
259,0.2075474308671984,-0.00024290382925444526,-0.3431681439703672
260,0.20498899406874244,-0.00030909329706337295,-0.3812839603190256
261,0.21612357725787446,-0.0002826066204313439,-0.37439302153160325
262,0.21495088923354294,-0.0002749113674174767,-0.41786199779596683
263,0.20243082852213728,-0.0003528820812887356,-0.42221933976142983
264,0.20874924466919775,-0.00022897736225878701,-0.28422291313804154
265,0.21990913168676107,-0.0002496241616769333,-0.38580069065877565
266,0.20545592500324755,-0.00025392505753394376,-0.3771743749147669
267,0.21046261490018553,-0.0002657075105922503,-0.36234308359826534
268,0.21077833125161105,-0.00023183644776687872,-0.3993607945794777
269,0.21096883037352654,-0.000247220613141782,-0.1872687402421035
270,0.22367318316519041,-0.0002474453046489706,-0.31407472868644687
271,0.2139584981180328,-0.00032070879714026125,-0.3811643810714647
272,0.22145549764268502,-0.0002310859538666492,-0.3694752082107004
273,0.21306402405437808,-0.0002523161269720084,-0.4927857384692059
274,0.21059621743299417,-0.0002687253733230792,-0.42199525022576656
275,0.2232817267007547,-0.0002858180747511243,-0.30208701077212
276,0.20504705307776444,-0.0002412396751418796,-0.2350122489450116
277,0.21042413085977602,-0.0002632550809158799,-0.34730292115992006
278,0.20614052176515368,-0.00025252286418292024,-0.5134963504125524
279,0.2113070984251914,-0.00024268426736543031,-0.37125490733553895
280,0.21528670165381886,-0.00022795484742577383,-0.25293868845711903
281,0.2165611678352629,-0.00021446449631733685,-0.39298568254316596
282,0.2127240627371345,-0.0002352209540975211,-0.36453960054165757
283,0.21428788904037877,-0.0002677576037835296,-0.38719606348375324
284,0.20993413796292903,-0.0002334699867341326,-0.3333289101968175
285,0.21346873186090076,-0.0002712777423602114,-0.4056050952367467
286,0.2087925645166654,-0.00027122319827243646,-0.31707876630260684
287,0.21223867846983863,-0.00025287785210086896,-0.29110389735873765
288,0.22214518736741445,-0.0002661884860357333,-0.3264091307671615
289,0.21605689996533206,-0.0002735392877930596,-0.41827026096947706
290,0.21019308044128404,-0.00025261412210073324,-0.33301642702464124
291,0.19871844085284018,-0.00022327162820248378,-0.13564439317719157
292,0.20770973883343824,-0.00024359313611701822,-0.35959104839155925
293,0.2198506434357616,-0.00024317555616013248,-0.41843264772474226
294,0.20828119993958577,-0.00021804641476908638,-0.21617542321724492
295,0.21814291040632883,-0.00019070326751234934,-0.28256829758118174
296,0.21593317990426908,-0.00029496815764006685,-0.4024798708489436
297,0.21297614863035885,-0.0002346672648790378,-0.27446295138104543
298,0.20556924430352191,-0.0002677596115098097,-0.3251375710290251
299,0.20981713378501088,-0.00024366810819016993,-0.4486660469557833
300,0.20869590059605347,-0.0002991580277376635,-0.3993907890369279
301,0.2090613967421308,-0.00031241566144565457,-0.45078793290494185
302,0.21769389278678092,-0.00025800537730199364,-0.38511344657863955
303,0.203586483469673,-0.0003241832191065671,-0.38437876111921987
304,0.20902985319900474,-0.00025624324351666296,-0.3235438956098484
305,0.21381037129122876,-0.00026125072423961547,-0.34490824116614033
306,0.20124016253715832,-0.00022401881353017872,-0.3213107728771755
307,0.20871166296344207,-0.0002914522152875172,-0.4430730347550876
308,0.20175491351105168,-0.00023424412256307098,-0.47286126141551843
309,0.21588460103920742,-0.00023702232510955184,-0.1845313262177426
310,0.2141773956400682,-0.00026406405511331517,-0.33808789817287266
311,0.20500296226654147,-0.00031728877889659413,-0.37408262555590516
312,0.21633350244362715,-0.0001737715061026769,-0.36055139591646634
313,0.21495736729127635,-0.0002639785173979232,-0.3155743171331171
314,0.22070109730204585,-0.00029216490243059014,-0.4734209787806046
315,0.22151329712433987,-0.00027758762310023925,-0.30507082470302677
316,0.20317972302745602,-0.000250856743607443,-0.2662345643858622
317,0.20504265874479888,-0.00025868389453198186,-0.40423060904458313
318,0.21491588457617133,-0.0002493272190389783,-0.3664756769931578
319,0.2100888292436895,-0.00027178233336493075,-0.37572255602133453
320,0.21796481584204042,-0.00022434012098631473,-0.2959728455695886
321,0.22192387387807272,-0.00017123824773278016,-0.31282871976830556
322,0.22211226362318182,-0.00022165941651010825,-0.3837330013968845
323,0.21483407198172316,-0.0002704209254184012,-0.4287557374460064
324,0.20557351957112185,-0.0002716961818262749,-0.31091020371374767
325,0.19969545428015778,-0.0002839692719283181,-0.3680365840764238
326,0.20130906371173685,-0.00026713409883605233,-0.28216118108158655
327,0.21271476712444776,-0.00027682129558119256,-0.32927423612534534
328,0.2244073030251244,-0.0002756653778828792,-0.37770976220762537
329,0.21341707228385431,-0.0002053279654921429,-0.40712645522441115
330,0.20834084109446588,-0.00025592938068645454,-0.30719484531270397
331,0.20237134915242994,-0.0002305167270829448,-0.2444328855673069
332,0.20958606987607048,-0.00026410756626199375,-0.40636729611090383
333,0.2160602170231412,-0.00023659676090744637,-0.3865695307950243
334,0.20406544502400986,-0.00021396889954765173,-0.2062980091188843
335,0.21461385780416936,-0.00020905657165412584,-0.35804838109716114
336,0.21291228741190382,-0.0003041968770398332,-0.41381537658295264
337,0.21100102233486334,-0.00021729444563911845,-0.35069962623861767
338,0.20726962305727648,-0.00028754278024402315,-0.36956418265015073
339,0.21132535667257923,-0.00024205861219022193,-0.3970911246360972
340,0.2160683254259581,-0.0002677455028432949,-0.4179706032501133
341,0.21010140738022604,-0.0002639874954705224,-0.394875871261255
342,0.22077328592713247,-0.0002429500905966759,-0.46143664086568287
343,0.21536750497689472,-0.0003028463043660839,-0.35810767730491905
344,0.20609567039174742,-0.00021883689743783095,-0.24595837334943177
345,0.2113156238067162,-0.0002522997330687662,-0.43085780619827996
346,0.19915964654028795,-0.0002724278719674138,-0.3600974524404399
347,0.20973384520606497,-0.0002954035043418408,-0.49175297741705415
348,0.2021988248062042,-0.00023521006108630975,-0.45044713150844995
349,0.21390400941909615,-0.00023643403250365804,-0.21403987359994636
350,0.21817999170595043,-0.00025778774816685837,-0.38653756434563236
351,0.20823179759853871,-0.00034848710229647747,-0.4171629095181761
352,0.212242131360881,-0.0002366145896056723,-0.35785722378078194
353,0.2137526353554361,-0.0002927995297219764,-0.42122637126494245
354,0.2193760204192295,-0.00027122484884690686,-0.5197286481159114
355,0.21660798212467358,-0.00029075122413319855,-0.23232934292466134
356,0.20830029355517993,-0.000234368865522928,-0.25901525146038235
357,0.21746093124433163,-0.00025960740210157103,-0.41494320448844435
358,0.20966511035939334,-0.00024492392943293494,-0.35434101824578984
359,0.20918924658047566,-0.0002633221405821565,-0.34288059398411525
360,0.21825635781447522,-0.0002400094527004484,-0.3474405705436125
361,0.2117201068543969,-0.00021274401064060134,-0.3325184992120185
362,0.22535947055116312,-0.0002536161639707371,-0.4348805194469633
363,0.2131236204591599,-0.00023031059743316455,-0.2976753953061497
364,0.20383777490728422,-0.00023202096952766585,-0.35340080133816226
365,0.20647261849083448,-0.000230080083866235,-0.3944421315609999
366,0.20934474735959796,-0.0002621805469402826,-0.3581334331447216
367,0.2110355544930404,-0.0002541788356816708,-0.35375382901374536
368,0.22463405648968032,-0.0002856730250209296,-0.33655290706451507
369,0.22173886196554443,-0.00020463473382434355,-0.4201236361686341
370,0.22292628052453595,-0.0002918012742016038,-0.4238382495708352
371,0.2087559627719538,-0.0002516565988559792,-0.36398346280081884
372,0.21507818187401534,-0.00018244180264107818,-0.5063701401298719
373,0.22321748650674944,-0.00023952203596542957,-0.4156462096451568
374,0.21821420614854664,-0.00026818597060958586,-0.20526314687285263
375,0.2166868020249496,-0.00019148646061900815,-0.46347428934090823
376,0.2124475005720915,-0.00031940256827034337,-0.43561122740962743
377,0.21386568523098282,-0.00019887476922731794,-0.37864300439161114
378,0.20686603616355603,-0.00023528985567112273,-0.3900337260392313
379,0.21719498388945319,-0.00025342325492964707,-0.4514972891014436
380,0.21516110591114168,-0.0002625269891927663,-0.4735860279403787
381,0.20695392712830712,-0.0002888713905436767,-0.41054880284897854
382,0.21009566554481718,-0.00023223548919045693,-0.442644387176563
383,0.21232293517171869,-0.00033464826400545145,-0.34287117273010903
384,0.20608665106314417,-0.00022895144955730368,-0.24958777127051218
385,0.20540613762891652,-0.0003247860236045262,-0.45035170988128254
386,0.21271797818081328,-0.00028553178997907424,-0.33389034631824444
387,0.2106775583450599,-0.00022495502782315572,-0.3344538620232014
388,0.20419875435286744,-0.00021724301325550113,-0.4652691823939161
389,0.21036288982500334,-0.00024223607877208044,-0.03226733451600694
390,0.21739719526119217,-0.0002374065990435007,-0.3512122673544487
391,0.21415794427630475,-0.00024335309681329162,-0.3725183858556441
392,0.20498940176321662,-0.00019963076134765835,-0.2732119395942223
393,0.1992320328120224,-0.0002920406285390721,-0.3584114250525919
394,0.2172992775045633,-0.00027462853626071857,-0.39078855217947506
395,0.22046931411798915,-0.0002793655572078241,-0.3580598713877707
396,0.20719178577815467,-0.00026332707832718626,-0.2854046888579698
397,0.21445708689394066,-0.00026795178907778905,-0.39877966185346564
398,0.2074186442653576,-0.0002366386683317754,-0.28512272397173877
399,0.20852549524000652,-0.0002698100219158848,-0.34699442061243074
400,0.21511049273893051,-0.00024175129958488702,-0.3282563081509059
401,0.20696561094745053,-0.0002164142946372293,-0.3290428123125045
402,0.22419383292333755,-0.00025902346879830827,-0.3918814907613033
403,0.20193724322496032,-0.0002545301559575254,-0.28154103392227675
404,0.20249371697792462,-0.00026859001924561603,-0.3380723097616204
405,0.20547979803894378,-0.00024009531576458284,-0.3209854147805944
406,0.21011485425441023,-0.000227051633425211,-0.30562348989675286
407,0.20629885465908804,-0.00021003588675316205,-0.31506286814572276
408,0.2176513179049343,-0.00024345840569277587,-0.34949026525300814
409,0.21985738669591653,-0.00021411246549565903,-0.40945516422582356
410,0.21451858612099395,-0.0003271674382595066,-0.36086315174290895
411,0.2143022156009402,-0.00028073154343702687,-0.3602013086856034
412,0.21296556199560146,-0.0002079526384462857,-0.4457559378120277
413,0.21321069762436623,-0.00030187085200095246,-0.4554156987279976
414,0.21261541615568352,-0.00028666356873456887,-0.3418776689921397
415,0.21246962299242933,-0.00022536506381406953,-0.33171403353800755
416,0.20757604697640114,-0.00028884615675616837,-0.40561566773497376
417,0.20354237159726551,-0.0002224728856354628,-0.3788391725063182
418,0.21555177655806435,-0.0002377966104169001,-0.3177485966106953
419,0.21812588254586968,-0.00025454145803647274,-0.43561124663686834
420,0.20900312088402717,-0.0002692755675722104,-0.44579548827501825
421,0.20786579760031926,-0.0003082574284450964,-0.4395203001068382
422,0.21167338677901532,-0.00024240450301072052,-0.437862926223757
423,0.22030998841874933,-0.0003159453141298907,-0.4613404304260873
424,0.20700857641702608,-0.0002419572884808172,-0.2496252291425372
425,0.20482764883829319,-0.00028590446471393814,-0.37426324159664737
426,0.20910637723624104,-0.00028437927235482643,-0.38352883807113275
427,0.2014565490335638,-0.00027126237705962894,-0.3543846681108034
428,0.20428521212241207,-0.00020713794583924797,-0.4153285906910828
429,0.21127120342239847,-0.00024249810897208608,-0.2813992101105482
430,0.21144839030471052,-0.0002771038052241851,-0.31564657202366286
431,0.21627166570292494,-0.0002528879140010186,-0.3727943380296695
432,0.20369326138145383,-0.00019368763882884196,-0.1817148142072057
433,0.2057853060350076,-0.00028594100953476155,-0.3689911385571996
434,0.2103811427425945,-0.0002865348576080526,-0.3595909107421918
435,0.2253331549393397,-0.00025414670851732306,-0.3114119518116178
436,0.2121063185716106,-0.0002646524868744497,-0.3596241512557552
437,0.21719155422747632,-0.00026698866323354156,-0.38442251245712666
438,0.20048737033796293,-0.00023571698701933434,-0.2323843876818762
439,0.22060541544366274,-0.0003164595953335065,-0.49870706578266627
440,0.20801535672506632,-0.0002577594067699856,-0.28685387214912816
441,0.2081751426159853,-0.0002320228214755051,-0.36066315085654177
442,0.22681428622305605,-0.0002626528491413972,-0.3467869105509783
443,0.21178387681103716,-0.0002664505556947813,-0.33622166320318037
444,0.21004752749646122,-0.0002681582518816843,-0.3792277865715221
445,0.20172129995384608,-0.00022469248859052253,-0.30778064609012695
446,0.20988697056425992,-0.0002544692663806258,-0.3787297250160722
447,0.2133703634734933,-0.00021372960894725364,-0.3689968264348904
448,0.2194804424073472,-0.0002624175830593432,-0.32735657487321457
449,0.22262200339377242,-0.0001864638711889311,-0.4101489524297046
450,0.22275975752531874,-0.0002695820984629622,-0.2821721271440778
451,0.21188773750145767,-0.00029499904417046806,-0.4040051133278851
452,0.2131436044317105,-0.00023591409991816098,-0.4699511005276648
453,0.21140420780458136,-0.0003148874861517955,-0.4088071472079394
454,0.20833618666880022,-0.00030507652464483034,-0.33194952557415447
455,0.21196087003604808,-0.0002339076071453076,-0.46431591885068957
456,0.21405550295801495,-0.0002597778541472154,-0.25077653634404673
457,0.2137743009985444,-0.00020421388029589653,-0.3618414640823463
458,0.22404930541345697,-0.0001994826195890365,-0.23244967927030946
459,0.22063496485108597,-0.00019608656237567128,-0.4144247022266285
460,0.21326384248419483,-0.0002633617602313422,-0.3777567218152846
461,0.20947179250342707,-0.00030217273577670624,-0.4090740306672123
462,0.21138267911334918,-0.00029206243241989654,-0.4086408702651311
463,0.21255624484884944,-0.0002732304011790816,-0.3870268738811135
464,0.20219203270855463,-0.00022879787721071524,-0.22446563653902074
465,0.20911769108315048,-0.0002765815827870723,-0.392487588468789
466,0.21596239556304303,-0.00029018698339950127,-0.46496309655660606
467,0.2044927730196337,-0.0002778596134485897,-0.35026653933567886
468,0.20101412769874238,-0.00021011982800374859,-0.39225588284037805
469,0.20844638826699047,-0.00022784441896297352,-0.31489021400359446
470,0.20873175746526323,-0.00027777089551778665,-0.21648192683602263
471,0.21748323362619149,-0.000261300534377345,-0.39408504165850766
472,0.2056679079093125,-0.0002659708840245764,-0.24001746551219333
473,0.21254949013935204,-0.0002532807971750243,-0.37523574104607604
474,0.22026631992111978,-0.00027694860181405205,-0.33213245909834666
475,0.22384756286203422,-0.00024295972738453003,-0.3773217833894335
476,0.22375919947142892,-0.0002893453713308379,-0.38913949326759983
477,0.22664718723208366,-0.0002575754510981611,-0.36946000944841856
478,0.20574275283179816,-0.0002817923962726416,-0.30177566543498574
479,0.21271699555751106,-0.00030471144726466697,-0.5040713965067869
480,0.20216725016281467,-0.0002778881289783453,-0.3164107656798077
481,0.21479105035563595,-0.0002738815949931062,-0.40974923312273637
482,0.22070044728039323,-0.0002682028612312034,-0.34114405125265745
483,0.21496227696366538,-0.0003321911803138666,-0.4246447733392606
484,0.20858833975565427,-0.0002702441724234872,-0.35249635340682767
485,0.20469160879142811,-0.0002578625216797819,-0.2775767387275739
486,0.208842474068254,-0.00025829271883880724,-0.3454239545987845
487,0.2168254322240935,-0.00018347954320969883,-0.3989931176332879
488,0.21656818459847932,-0.00025527126033865894,-0.2826490728346003
489,0.2162571903467031,-0.00018747863878895872,-0.3040513137714852
490,0.21721531295353497,-0.0002838133552004757,-0.27890183664542156
491,0.21590594261778195,-0.00033986575089594814,-0.4495810840084319
492,0.21221332005643084,-0.0002653416697897057,-0.31180210850010914
493,0.21938936790458857,-0.00032075333054032136,-0.357412997823465
494,0.20810505901343018,-0.00028703526252210366,-0.40225557539554885
495,0.20502483209199057,-0.00019625366948840823,-0.46656267007955304
496,0.20836871499869652,-0.00023807017996856927,-0.24436221353859722
497,0.21515071746897024,-0.00019672878747963713,-0.36722567417860025
498,0.21621851184650365,-0.00022638117004813383,-0.31419734142147704
499,0.2190608846883786,-0.00020216454431880613,-0.39186686539046456
500,0.21051153000666784,-0.00021651809196535568,-0.35816580358101097
501,0.21125423637081397,-0.0002918799266323726,-0.3723689694112564
502,0.20390910670899665,-0.00023675086234225222,-0.351745658624363
503,0.21140661120616921,-0.00026077442892015283,-0.4020717575543949
504,0.21021822819787694,-0.00024311774224859911,-0.3450284349439683
505,0.21544598849720625,-0.0002380439800119746,-0.37071848869016544
506,0.21612291467736983,-0.00028907777735769346,-0.4719989767396192
507,0.20956123508578572,-0.0002366646358729079,-0.3600050119976193
508,0.2062841850880322,-0.00020882022028503492,-0.4098493798438903
509,0.20844680345953964,-0.0002551937078793485,-0.38824258717519605
510,0.20510322511637058,-0.0002786505677870205,-0.217339986423162
511,0.21017374297676034,-0.0003469729330300503,-0.5268802399794908
512,0.21345752702064397,-0.00025539725507316976,-0.35400496428276546
513,0.2065519613070183,-0.0002483693607036758,-0.5026881088933965
514,0.22030525387688027,-0.00021870873368973252,-0.35999525565851737
515,0.21599239810961635,-0.0002037268217127793,-0.43535787577996105
516,0.22641765867173058,-0.0002563475282293552,-0.45056215120388243
517,0.22048747400844743,-0.000238848242004352,-0.3876961179456477
518,0.20660859067196463,-0.00027963000587278593,-0.29978259993221407
519,0.21190456826643744,-0.0002592213880000092,-0.41870483014677623
520,0.2116768269413118,-0.0002487592201715722,-0.40502697170399515
521,0.21782231582796135,-0.00027160880834261014,-0.4226554418774106
522,0.21207407675680212,-0.00024538908033637193,-0.4654956280716767
523,0.21657385485362146,-0.0002764827792533436,-0.3867740671414803
524,0.20518828713920023,-0.0002310112379325291,-0.32348187426571495
525,0.21264252562631686,-0.0002949922513346358,-0.33974275273904997
526,0.2092363014133642,-0.0002568756605787571,-0.34665610570375077
527,0.21561065439362037,-0.0002245386150650534,-0.40752159272411553
528,0.21822393344852342,-0.00023819947057202102,-0.30700968807595813
529,0.21842135762439613,-0.0001579638591635883,-0.25231113426597734
530,0.2179557299361406,-0.00027349261850449395,-0.28705655426429016
531,0.21194641128754216,-0.0002928002438518999,-0.394184916624959
532,0.21445486039444522,-0.0002367067938950674,-0.3113572580597457
533,0.21381986414199916,-0.0002859553591492713,-0.3200543015178367
534,0.20688382367749897,-0.0002923114950790721,-0.41022622457162855
535,0.2052094118824071,-0.00024601908864310316,-0.29615084278930837
536,0.21202115041121883,-0.00021883267077859765,-0.262209679458752
537,0.215336580175838,-0.00020963237311531405,-0.3588414072142978
538,0.20837427378718915,-0.00030826075152684757,-0.37561621077006596
539,0.21300625150400554,-0.00024475805333994767,-0.3654120407180479
540,0.2067921787774098,-0.00023759450854870124,-0.29634128562583034
541,0.22129799813477063,-0.0002228487589221965,-0.37752063632504657
542,0.20443687330165722,-0.0002448399174605075,-0.32860959360148556
543,0.20811250399614822,-0.00027699581647637104,-0.46234540086647413
544,0.2167741205078943,-0.0002461906622461625,-0.3623758380159731
545,0.21323049740323513,-0.000231250621352362,-0.42373291678188574
546,0.21516298591232852,-0.0002489379788588142,-0.36539003859895136
547,0.20791650213845753,-0.0002604016615675081,-0.35339402628213584
548,0.2069102929167277,-0.00019901992334733217,-0.4217902750376744
549,0.2120102957263884,-0.0002814346847242501,-0.3902722309430311
550,0.20892736804455186,-0.00024554078285227827,-0.2855138520088908
551,0.2129573128453543,-0.00029422625604213923,-0.42144432196384163
552,0.20151589446970153,-0.00017994850424981354,-0.1904874410080306
553,0.20143272785151606,-0.00025807160169375175,-0.4206906543196665
554,0.22177649550286266,-0.0001955950085665331,-0.3591311080101108
555,0.21203881228700566,-0.0002170106506361338,-0.4285838717184618
556,0.2238499716915704,-0.00026705868305833106,-0.5091004787804383
557,0.22969165116160584,-0.0002797273103108334,-0.3400263694154579
558,0.19598092465357703,-0.0002550056563315808,-0.20307671793553783
559,0.2093944498238402,-0.0002388628173972185,-0.39505421428407117
560,0.21164851838743248,-0.00024210639978750485,-0.366006949957657
561,0.21853194441691504,-0.0002964336915915425,-0.40813710324583813
562,0.21065643265769168,-0.000277815990752966,-0.37279702378940033
563,0.22015799334216984,-0.00025620383929107076,-0.3979405326471529
564,0.2097553522724639,-0.00016901805837628094,-0.36702552900515284
565,0.21324581871696796,-0.00030750714887572663,-0.30034544419233133
566,0.1992568486621059,-0.0002623372838796901,-0.34892160446396997
567,0.21351958532852933,-0.00022446403567289244,-0.4606916945994978
568,0.2219466411572772,-0.0002449679023421255,-0.28717910703796506
569,0.21520457829843892,-0.00022567198170908006,-0.2731329780542192
570,0.21199434198362094,-0.00029163465313131236,-0.4185566283362218
571,0.21333524604879583,-0.0002864417794529243,-0.40884726116787734
572,0.2062229583539722,-0.0002853249877636997,-0.19786305908987145
573,0.21819907069404132,-0.0002943598326314952,-0.31296644607200547
574,0.2104617657026706,-0.00028402104462231916,-0.41834219649787535
575,0.20248717897337332,-0.00024740973874792137,-0.28191782855909975
576,0.20468793797816265,-0.00025894058276888966,-0.26617272290265015
577,0.21406176425263967,-0.00021401676543772523,-0.34240897882588645
578,0.20475966550788016,-0.0003058640862147322,-0.323493087940901
579,0.21518827810312208,-0.00020823730014182272,-0.41481091033482576
580,0.2113352314274427,-0.0002050098299799665,-0.2373863809069996
581,0.21531359375510212,-0.0002555992145879108,-0.3010246595150655
582,0.20467034049857158,-0.00021194532659543736,-0.4326646666101089
583,0.20198274153344514,-0.000267393800634437,-0.5319208650290023
584,0.2167328304060599,-0.00021776529635459971,-0.4155016289860758
585,0.21981901930251052,-0.0002492778673385821,-0.4453552456145463
586,0.21992172686708367,-0.00019186596947789767,-0.30944821344856194
587,0.2139084974908972,-0.00026065987696998074,-0.36041146991788514
588,0.20943106547228996,-0.00020140965419923647,-0.2393174990268182
589,0.21271797511905832,-0.0002705941470782038,-0.5385134383367509
590,0.21714188784404964,-0.00026701790854624413,-0.3589840967934624
591,0.2077133038626674,-0.0002673832246076862,-0.39598971699361324
592,0.2044746121546404,-0.0001967247551080378,-0.2827445201876723
593,0.19699466067258153,-0.0002744558459752884,-0.3910949857879644
594,0.22746249250432127,-0.00017366339653927115,-0.4536964482545317
595,0.21542644161950725,-0.00022723766940921857,-0.43821180032301593
596,0.2167038335930097,-0.0002460914579352278,-0.40415413067085365
597,0.22466518525249057,-0.0002779221996648092,-0.3059382186108303
598,0.20383153043530783,-0.00024562957265598836,-0.27183423606274504
599,0.22071190782268096,-0.00030154866602685927,-0.39603698534946064
600,0.21508590363407193,-0.00022611066756922458,-0.3675632689946986
601,0.21162937855974961,-0.0003089026152902869,-0.4112517050715895
602,0.20636096417568056,-0.00029276066172372224,-0.3825574418786092
603,0.21512416396042072,-0.00024117377463419386,-0.360943320072251
604,0.20217071817174864,-0.0002237731886551017,-0.25308482559776163
605,0.21372388503532658,-0.000288888376233836,-0.34442792418966417
606,0.2027710137120614,-0.0002857914111978168,-0.3874341258482224
607,0.21192091944306507,-0.00022263573451237285,-0.4233168870858208
608,0.22077838745756878,-0.00023263814755244077,-0.272312417970963
609,0.21218052656277836,-0.00025017739917380705,-0.330875505938854
610,0.2203086381046741,-0.0003557007671738338,-0.41164239268810743
611,0.2131793616881778,-0.0002853680924386829,-0.44944410995151285
612,0.214885806948318,-0.0002606573338535857,-0.2851118374710071
613,0.21784312245481724,-0.000325500863580878,-0.3458984235593296
614,0.20878133525235626,-0.00030892345980705876,-0.44434329138732087
615,0.2056087178682029,-0.0002589266711922478,-0.28358311089180877
616,0.206203186142788,-0.00028962001395902245,-0.34688913783935105
617,0.2157346289457856,-0.00021475201192840915,-0.3451263862765837
618,0.19954976475311548,-0.00028269606958221356,-0.24598629726814508
619,0.20439141476070288,-0.00022635752046253903,-0.33010106065982653
620,0.2130403910625116,-0.0002636320467820365,-0.3129180361027865
621,0.21591410163873065,-0.0002394709942579333,-0.2870786886535861
622,0.21294086055534267,-0.00022329748299643033,-0.45205282436475847
623,0.2099934368589083,-0.00026302577192250645,-0.4223363989214879
624,0.20772423491701647,-0.00026213854992409734,-0.28087548109671234
625,0.213739631925569,-0.0002507751738713562,-0.42773926962856823
626,0.22759781204147844,-0.00019147162314761822,-0.39323771409646213
627,0.21667168998530045,-0.00027740548549152924,-0.37652066421711167
628,0.20326412066129118,-0.00024261767034569422,-0.34791766223328635
629,0.21014181895105455,-0.00027503469376945064,-0.4665897228944851
630,0.21256965635763897,-0.0002927276155140678,-0.3461155602668978
631,0.2081901983739367,-0.0002586736344707677,-0.37827737984171417
632,0.20308138076726068,-0.0002351224302615667,-0.3599344937642529
633,0.20188005564533607,-0.0002638388065437121,-0.3766785468915143
634,0.215153725611812,-0.00023535879637344713,-0.32075162482431624
635,0.21076085471338873,-0.00026632418174461076,-0.44131775066830053
636,0.2103602787908453,-0.00020098319792261673,-0.31896287352331293
637,0.21809476003843387,-0.0002470258520149237,-0.3563914571346668
638,0.20369160381823326,-0.0002487681169141061,-0.2700059946346283
639,0.21814468040142182,-0.0002826421463164524,-0.29150744954963403
640,0.1997709218227845,-0.00023095435035183103,-0.5225588253359426
641,0.21806833616102422,-0.0003028679839584333,-0.434306876043332
642,0.21067146537267467,-0.00029076723134479395,-0.3827730435802133
643,0.2055670287608679,-0.00022600335935450645,-0.3793535298765917
644,0.21385117496300926,-0.0002707365509968153,-0.2891417800729823
645,0.21651084771070128,-0.0002970133032068415,-0.3439412929998035
646,0.20186916395314436,-0.00028923506102882944,-0.3842623123581948
647,0.22508341955808292,-0.00020949654082847487,-0.5062331007467484
648,0.2241951198583449,-0.0002492388105185925,-0.3327295003465033
649,0.219482525357801,-0.00025903698581123975,-0.2805692660915279
650,0.22335101106639071,-0.0003003447142245847,-0.5286071561938506
651,0.2114838539472218,-0.00029470880730610844,-0.49574054323187533
652,0.21903205043420437,-0.0002323348262982508,-0.31903241029924484
653,0.21451472518511716,-0.00029610157900909013,-0.41912278782097256
654,0.20544854505030952,-0.0002946328163179634,-0.46218788900118124
655,0.1997056704247745,-0.0002813448346611954,-0.3206273611043258
656,0.20292409837258646,-0.00032310613098422616,-0.4194214531450018
657,0.21205111768341223,-0.00022074998561323714,-0.3710059344244077
658,0.21207919582232282,-0.0002597843365795631,-0.35111576652749754
659,0.20251691388830417,-0.00024445223432580966,-0.3858283114536942
660,0.20922960446596806,-0.0002901352428645224,-0.3325778439308354
661,0.22299099936738564,-0.00019851227115314735,-0.3480907056379093
662,0.2131428195170863,-0.00023797297756065767,-0.40160862297402367
663,0.2059995412417177,-0.0002762951502471279,-0.42380051251481515
664,0.20875855973192275,-0.0002637907207358349,-0.21718637618642567
665,0.21604561445857506,-0.00028105987052356004,-0.6341611249737968
666,0.21947008457663614,-0.000217957444200214,-0.40215734250566154
667,0.2113491299657373,-0.0002930622388112908,-0.44078562200170185
668,0.19898095965077311,-0.00024277973829097245,-0.44997473156202694
669,0.20938354905198026,-0.00027358456980180465,-0.4927829319355205
670,0.2173361845122026,-0.0002601817636302703,-0.33496283966542595
671,0.21432163225307543,-0.00023471708675033175,-0.3758842906784967
672,0.20314277149785936,-0.00024077857066669197,-0.3896029426883269
673,0.20547503421335195,-0.00023721032065041016,-0.38658986476247287
674,0.21819049757717857,-0.0002257134972096132,-0.25738774116236784
675,0.22829087238785212,-0.00022484259158020583,-0.49245256133665744
676,0.2172841553903685,-0.00020442151351554783,-0.2830371694353486
677,0.21842460040066897,-0.00023359026774044534,-0.4396735268351325
678,0.20805104190740015,-0.0002118536434363435,-0.28651488201580094
679,0.21956399656577963,-0.00029287750740027683,-0.2533483829361509
680,0.2019792149272268,-0.00023347534845637348,-0.4867201233303351
681,0.21499443592721013,-0.00026920258757719167,-0.45928395411640505
682,0.21116784051847476,-0.0002654454915613253,-0.4039691584068304
683,0.21618493303407788,-0.00022111600325867275,-0.31928140203934724
684,0.21170551321143982,-0.0002837965407152691,-0.3710474692092671
685,0.21206332676979883,-0.0003038811699543157,-0.4131323367610104
686,0.21482211291089248,-0.0002633740521954308,-0.3589017704816248
687,0.2221781996351651,-0.00022726489226720307,-0.4510660667746296
688,0.21055349004609186,-0.0002118193181797084,-0.4035431754258022
689,0.20967222923684997,-0.0002571101839346833,-0.3467503521696174
690,0.21441220571912073,-0.00032056829043071927,-0.5069709125740521
691,0.2113820280355102,-0.0003022498382808842,-0.5007291193489612
692,0.1979868134567087,-0.00033758197476504867,-0.369329453492638
693,0.20982894218759862,-0.0002897882525815591,-0.4760422897536796
694,0.2059429325889915,-0.0002559153034675277,-0.38138785509876205
695,0.2122592064865223,-0.0002900996994555601,-0.24983880108926665
696,0.20894608434347528,-0.0003402881765539095,-0.4805998361928728
697,0.2161846299474494,-0.0002383272878080879,-0.39162157521652324
698,0.219368690825051,-0.00022358935611140065,-0.31026653439007906
699,0.19391670358898222,-0.00022551161331881074,-0.38810107440772434
700,0.2075142830932602,-0.0002911016155326433,-0.31962656918627824
701,0.2198140235437726,-0.00020982285400068573,-0.3484861119061261
702,0.2165831022299758,-0.00025001008913711967,-0.4875735800260575
703,0.20413960843932882,-0.00026123653074374597,-0.4627364655096104
704,0.2182826381812284,-0.0002931192006944795,-0.2928903253384265
705,0.21501179858831676,-0.0002993949539387043,-0.4621823764236868
706,0.21681694947564095,-0.00022085492424032594,-0.4952393631023703
707,0.21309826208503796,-0.0003012468256196943,-0.3226655998796171
708,0.20438069599145192,-0.0002457763888718624,-0.4372237492041861
709,0.21391191020470157,-0.00027962857491597754,-0.43180173550913653
710,0.21012893572953895,-0.00024194619426733843,-0.35140610404270256
711,0.20235233198016978,-0.0002145207791428639,-0.2616916800060906
712,0.2088170655313023,-0.00028054213302866675,-0.3554163076375102
713,0.20989545406847654,-0.00023328265845980547,-0.4288807021468377
714,0.2145625725997346,-0.00023513956321264383,-0.3162835120065578
715,0.21631566909926542,-0.000337823302928307,-0.2961411073062383
716,0.22051378272565952,-0.00022630137917742664,-0.32874662754346284
717,0.2177465331665432,-0.0002477877430764866,-0.38889428440628343
718,0.2076930625190423,-0.0002559462535339621,-0.3869346994712071
719,0.20944711093159435,-0.0002120772930285473,-0.40191918630975143
720,0.20811535183244012,-0.0002072805373489931,-0.45922975222283713
721,0.2139997418471304,-0.0002668338832937899,-0.49051853257081196
722,0.21357460414135443,-0.00026609085123347143,-0.284191112191753
723,0.2167669161597972,-0.0002600956773585009,-0.3556012805584783
724,0.21355531103636977,-0.0003191674247318175,-0.45787180923518467
725,0.20887296924067228,-0.0003108172220887561,-0.4225851699860425
726,0.2184057661450735,-0.00028937897288977576,-0.3009288585617938
727,0.22215671173907148,-0.00020575632583448838,-0.4180000363099556
728,0.2085769803789142,-0.00025011923897770035,-0.3915149504908711
729,0.20586407359647235,-0.00025259970455950546,-0.25098266547353243
730,0.21234798300247443,-0.0003082253946289148,-0.4916193360021963
731,0.20658161536019104,-0.00026217472476484206,-0.5108249371577238
732,0.20707570740887654,-0.0002613376080275436,-0.3250843199407637
733,0.21649166451840618,-0.00027585457394089445,-0.4165115875979003
734,0.1995204161353571,-0.0002705610199842383,-0.41064172321153053
735,0.20345932484728868,-0.00027594864956034587,-0.3110672544001653
736,0.21097443843066382,-0.00031138781623761037,-0.44835765700566
737,0.21650588682099275,-0.0002343510390437959,-0.38894582283233026
738,0.21329598075795153,-0.00023990281781767313,-0.3650998387586767
739,0.20301014801486683,-0.0002478063471197808,-0.3746511025324528
740,0.2152475121609015,-0.000300822736676945,-0.2254441849701142
741,0.21380912426364213,-0.0002462644402264036,-0.2942260394669829
742,0.21206054013120512,-0.00026457152777167436,-0.41385860032974514
743,0.22311498098137605,-0.0002830243173037832,-0.5531444416462781
744,0.21606338632612632,-0.0002518029178226892,-0.3495132843491864
745,0.20597214097014066,-0.0002912309453291643,-0.4465071295346809
746,0.21885856495731337,-0.00019273045703998334,-0.41103873131031804
747,0.20906761107779748,-0.00031087058794776056,-0.3186605649843071
748,0.21135979984653264,-0.0002249109411528638,-0.46164129015589533
749,0.21090383426059678,-0.0002903864036426239,-0.4292945035437784
750,0.20908760901662365,-0.0002495868783053984,-0.3693898100474826
751,0.20444988350123178,-0.00021316104786931947,-0.32817789122258845
752,0.2048022357369217,-0.00024922782975226763,-0.27954131981991764
753,0.20782809553329112,-0.00023182308734920643,-0.3743762755105796
754,0.2109659541604592,-0.00023732594552459453,-0.2691972605145231
755,0.2161947754031971,-0.0002922790879387651,-0.4067473159708877
756,0.2161642260555674,-0.00023492662717554896,-0.3510004949857168
757,0.21545791622340799,-0.0002470172125679129,-0.4076258611226687
758,0.2066937595814859,-0.00024911917557356915,-0.3107459642361259
759,0.21398976122123597,-0.00021831028509712764,-0.26758177964837493
760,0.2073576040779132,-0.0002593542328557212,-0.40986907242183396
761,0.2178630675755066,-0.0002571739714591388,-0.46969170309526154
762,0.2034646142610389,-0.0002657860289228861,-0.2471721122213409
763,0.22233706005127668,-0.00019819987858619078,-0.3853437432957871
764,0.21727376514478408,-0.00026989763986119144,-0.4412229917213936
765,0.20999638375254354,-0.0003148607648763075,-0.3823822376920674
766,0.2161950158193638,-0.0002581101982815873,-0.21302640636066927
767,0.21145296258819424,-0.00017768865790515653,-0.40086320887974397
768,0.21104626173814706,-0.0002651213360953902,-0.36861079086594206
769,0.21437769348968266,-0.00021244219839447023,-0.2406516748012716
770,0.21331212613582545,-0.000281820424284725,-0.3636462349111473
771,0.20935754711796378,-0.00025534782289505945,-0.3946285708766257
772,0.20908497705778994,-0.00026305744290550353,-0.3712011701507427
773,0.2165600085497943,-0.00028104174845803903,-0.39227085924323113
774,0.20539076910964887,-0.00023688959765875598,-0.3486766125257671
775,0.20627814119978266,-0.0002719257170755206,-0.38800875431246196
776,0.21502252651882675,-0.00029863184370782674,-0.447583433587801
777,0.21575312715305323,-0.00024395778180134534,-0.3434057629895609
778,0.2174669844225901,-0.00027253129270251577,-0.33530813295947737
779,0.20428801896996002,-0.00024888648480389357,-0.3826641355631261
780,0.2145150834110176,-0.0002710521834359144,-0.3216510315600908
781,0.21499905204610698,-0.00027912203203114274,-0.29103210723940515
782,0.2080909312126653,-0.0002479453175043292,-0.4229054843385955
783,0.22311336134153714,-0.0002784961692516951,-0.4545946515908503
784,0.21193631245377414,-0.0002455152969643315,-0.33392437947118486
785,0.1983376641072972,-0.0003178328811423729,-0.44821578112270566
786,0.2207895082672538,-0.0002157223208941217,-0.3734171333719587
787,0.20924427578623106,-0.0002936037670783542,-0.3738622726772099
788,0.21552188681803663,-0.00018276474737614093,-0.3671268999251164
789,0.21027425704070357,-0.00030298017371349346,-0.44551622657903156
790,0.20779593712155658,-0.0002782020891990872,-0.38503116961597345
791,0.20754544636086414,-0.00021491858914966593,-0.37190204430755114
792,0.20820574912525458,-0.00023354483126937403,-0.3096463400753494
793,0.21290564859005218,-0.0002487046420483902,-0.33167028726036524
794,0.2083762870316852,-0.000268686467459399,-0.30280333668802545
795,0.22100747328471876,-0.00027149015274251925,-0.3467661300173068
796,0.20966595296828527,-0.00024034107006721688,-0.3234290677408727
797,0.2103495605735901,-0.00027045821190918443,-0.503902910179471
798,0.20862877535329388,-0.00024232158217113415,-0.3249059021631619
799,0.21352851536688922,-0.00021512805436491012,-0.2883267876655776
800,0.20693126448826665,-0.00025820998448316244,-0.45219568705154994
801,0.21967320787290856,-0.0002562101996288388,-0.5405268088608407
802,0.20375503819727053,-0.00022328672837022197,-0.34207134881436185
803,0.21634221185401453,-0.00023317036250491415,-0.39566643183834194
804,0.22257890855056978,-0.00030188768332960566,-0.4214124390709234
805,0.2220056663568044,-0.0002968966656455232,-0.46961806865804245
806,0.21110037521038227,-0.00025327916669245284,-0.2453978087643059
807,0.20881287345966282,-0.0002264486308119338,-0.398299520576222
808,0.21171487046560666,-0.00031588982582628493,-0.48869103571260736
809,0.21525314326601747,-0.0002208154407018532,-0.24890763302848523
810,0.21423801124060488,-0.0002735249031360713,-0.3445423831909993
811,0.21077208422210253,-0.0002365254548132221,-0.45492465850552755
812,0.21933591021719412,-0.00034973609101932317,-0.4947863132791046
813,0.2115438452618566,-0.00026499181845340716,-0.36579145752666004
814,0.204065710109132,-0.0002626382347714507,-0.3597028988284031
815,0.20902184034123844,-0.00019925519308988134,-0.41812917992259013
816,0.2115246395005132,-0.000316322585616023,-0.5217857144258394
817,0.21644966046574982,-0.00026521450361663673,-0.4091686234467059
818,0.2219149492614425,-0.0002768381140312769,-0.36053129637529235
819,0.2017963666835883,-0.00023910984088072626,-0.344997200232571
820,0.20965264331198752,-0.00025242492274638956,-0.32884184804315947
821,0.21386988488412584,-0.00026422993659875314,-0.22484230000530248
822,0.21449938109306343,-0.00025142862561315454,-0.3024081047349557
823,0.22805105947536652,-0.0002607823219397597,-0.3388060954810757
824,0.20580789215380818,-0.00021857593990809947,-0.3455819927704615
825,0.19744847383960928,-0.00033529742279364897,-0.4387356492705178
826,0.22406180755293514,-0.0002465433394186329,-0.34082854935043194
827,0.20667413942628088,-0.00027710714513344076,-0.24443231613509575
828,0.21574646212196147,-0.00023234308334793671,-0.39269191740659437
829,0.20017300201167987,-0.00028529938474669943,-0.44189562636492513
830,0.20647112445526705,-0.000320748288165907,-0.3923442809030941
831,0.20333590802195622,-0.00023079900473080595,-0.38004665027239865
832,0.21013655266242082,-0.00022870593695511283,-0.29928750771343254
833,0.20657351235295252,-0.00024762043015843734,-0.34209724549056336
834,0.21434132967692432,-0.0003243381966850175,-0.369075239691701
835,0.21688501520344033,-0.00024957925914338144,-0.2854031427676725
836,0.2080369299163603,-0.0002171336168853488,-0.32213934673874073
837,0.207869620047267,-0.00027413406212979587,-0.45179435449085237
838,0.21558310652049145,-0.00029679909568063354,-0.38818295273781545
839,0.2059618728281497,-0.00019386587459972694,-0.20777601251758404
840,0.19801357646518192,-0.0002847239407761132,-0.46227908563658815
841,0.22311681033030994,-0.0002926763701739393,-0.4892968427240395
842,0.2088656709768526,-0.00028649404589976043,-0.35597188504802674
843,0.21024834153558342,-0.00024025252698415118,-0.37058525949734983
844,0.21962343827115183,-0.00024942219040700257,-0.3508986941434208
845,0.2263824825103662,-0.00027268933686549465,-0.4678384750538669
846,0.2157944934017057,-0.00023444843458265608,-0.25779470384602676
847,0.21526337271125312,-0.00022075761771696257,-0.42092616138654165
848,0.21787948464936246,-0.00029859589794994007,-0.44895262473214065
849,0.20762893392870435,-0.00016868130291637434,-0.3515128382049131
850,0.20150996484337447,-0.00025024578164973806,-0.2869287383674475
851,0.21030949779914504,-0.0001988944499975368,-0.4382854150101626
852,0.22287358808176927,-0.0002613008978253938,-0.2698352094017984
853,0.21042713810954305,-0.00022460471157572954,-0.2366408076807922
854,0.2019448856794115,-0.00027024481039850226,-0.38133417568759903
855,0.20841655169952827,-0.00020526902726732235,-0.3712180559321176
856,0.21108890504187766,-0.0002845914373556797,-0.4815127174321962
857,0.21181384054159647,-0.00029596776951878274,-0.47023486880027815
858,0.21867253187439228,-0.0003159877029202297,-0.34887683076325426
859,0.20191472706605285,-0.00023132880532682437,-0.3716172562030416
860,0.2088711491182207,-0.00023375188048462068,-0.24142094210063825
861,0.21008756716296417,-0.00026441626544831997,-0.29390819255321965
862,0.2124848595637706,-0.0002332822649349985,-0.2700116815795332
863,0.22561760464730446,-0.00024399161762182363,-0.35515883086662536
864,0.2041299994728089,-0.0002557300386400453,-0.38503297133728687
865,0.2037789476639698,-0.0003341972737702565,-0.41755608859578763
866,0.21802282928176742,-0.00021205759487514562,-0.25413388766477196
867,0.20788494582475814,-0.00028278918388510276,-0.24732334993995492
868,0.2141108173424569,-0.0002561409219447366,-0.3831744000616691
869,0.1984573574713427,-0.00028800254250406867,-0.4298717787011939
870,0.20581591391927212,-0.0003188050724232431,-0.3840366789140486
871,0.20584692111243286,-0.00022549317207141964,-0.43062373329842424
872,0.21418593543317604,-0.0002537797848432945,-0.3955774136208361
873,0.2067001858769692,-0.00020262595452815027,-0.3650115841678696
874,0.21411923397446986,-0.0003152396086906527,-0.36779657812526284
875,0.21537512865708153,-0.0002585315937942591,-0.2424972065476767
876,0.20986190499710172,-0.00022271086100901264,-0.29868161238393676
877,0.21307055799325203,-0.0002520047473547443,-0.44478105493211273
878,0.21661846124279405,-0.00029624981002352824,-0.39830198462599414
879,0.20622328848640442,-0.00023142152865623117,-0.3092793592218164
880,0.20085644266977104,-0.00031706768494512046,-0.46191049364857434
881,0.21400662185120323,-0.00029505635412270276,-0.4405903089916776
882,0.20785163618676028,-0.0002662100881820138,-0.2785477592961655
883,0.2060639224482706,-0.00023025885869398812,-0.31934698768786085
884,0.2097694247617244,-0.00022202694946036526,-0.3256420793455379
885,0.2247803379517948,-0.00028856486775037535,-0.4989371927078309
886,0.21679310005407904,-0.00028658758524348024,-0.2802343340487523
887,0.20912487607532437,-0.00025065248201267004,-0.34775738052244676
888,0.19818860682187955,-0.0002895647430948754,-0.2609071924750497
889,0.20187038760749332,-0.00020862036320413606,-0.29533849312518007
890,0.20503866863531,-0.00023242592753172227,-0.27410695683114716
891,0.2057128176407118,-0.0002549278062710402,-0.3973934214019282
892,0.22454135049482493,-0.0002726339657494006,-0.3342050102827803
893,0.20691435538116865,-0.00021912796697107068,-0.17127104352202205
894,0.19940703364226048,-0.00024792735611060373,-0.3230785479170463
895,0.20980572640820405,-0.00021445215441618558,-0.482157898097503
896,0.20592251395749034,-0.0002777029189098029,-0.4384797913807127
897,0.20529514218164546,-0.00026186121327287923,-0.33905213622349006
898,0.2123733828109114,-0.00027752710899289263,-0.3759274484332534
899,0.20877769975013988,-0.00024826485050438707,-0.38131437922585165
900,0.20824034607740133,-0.00025139094103207387,-0.20255543201671078
901,0.21234332088469682,-0.00028128560396013563,-0.24272002324887693
902,0.21476813824469987,-0.00022608372570172953,-0.28429512156566394
903,0.21321868040057085,-0.00026758963549384883,-0.3727585085854408
904,0.21154810494076903,-0.00019786400324933577,-0.4034144769198334
905,0.2011023089437743,-0.00030909604220231534,-0.33224820966797014
906,0.2223933716514226,-0.00019765828623193951,-0.20390187151221584
907,0.20398486278154387,-0.0003434756913684939,-0.39598118590226156
908,0.20514971614053323,-0.00027237577828089345,-0.2788230264888403
909,0.20973654283464388,-0.00027704673759611903,-0.36833519928429753
910,0.19994459235151052,-0.0002988228107830542,-0.3229102782458623
911,0.20692427524449963,-0.0002445522253005235,-0.3951495856610895
912,0.21367473274905302,-0.00020926726866563592,-0.40724928075848715
913,0.21063320348409192,-0.0002687056717209861,-0.361769267678685
914,0.20849716957637837,-0.00028606101674815137,-0.23962418098699734
915,0.21661235726600597,-0.0002652006311047393,-0.23669832068754093
916,0.2096033337056744,-0.0002540756691201963,-0.250429279037479
917,0.2149176032314229,-0.00024246110672571385,-0.48941279660847953
918,0.20465289754166233,-0.00024544382233133316,-0.4574015790315273
919,0.19950286274678758,-0.0002305978315717378,-0.3247742798075948
920,0.20633002932538325,-0.0002874604094306002,-0.32796198536734983
921,0.2138720425240374,-0.00030337014137312194,-0.43589022244087006
922,0.212840703124541,-0.00019882331718492304,-0.16934064317909137
923,0.20830619781816,-0.0002366768928792617,-0.32262877348409685
924,0.21506104563402917,-0.00023870762056538492,-0.41871357727642255
925,0.21178127598331842,-0.0002905585042634903,-0.36072970135648547
926,0.21260994574071218,-0.0002748393698342542,-0.33717254914695793
927,0.2111646970633716,-0.00026083300528679024,-0.36622838691553256
928,0.1967430742149232,-0.0003058619651599405,-0.26157224154649744
929,0.20626094672738582,-0.0002370328728343533,-0.3943417664513608
930,0.2036980856525853,-0.00022162356677675327,-0.2851850532566767
931,0.20325294100068692,-0.000262728997819088,-0.44575896786115415
932,0.21989256327868462,-0.0002768747653296106,-0.38705098210316913
933,0.21451872317653092,-0.00023875414227594744,-0.26491231730324627
934,0.20255796276060833,-0.000262274009004267,-0.324938873266848
935,0.2116784473900365,-0.00020713180228968927,-0.36348136350461663
936,0.20433341537754113,-0.00031473185350039016,-0.46069310636415567
937,0.20889344394603698,-0.0002286106434878677,-0.2468529048204663
938,0.22767271252216792,-0.000291521574256247,-0.43792049492703367
939,0.21211744071815553,-0.00018506107834173984,-0.42555792819572397
940,0.21227827902083124,-0.00020849778291072413,-0.3303558722645925
941,0.21120856370171748,-0.00026696340999015375,-0.1718670812222728
942,0.21282527716699678,-0.00024272731172837297,-0.342275755503386
943,0.21843416865995402,-0.00028105555328060964,-0.30522061058672856
944,0.19943892180985362,-0.0002776567505784821,-0.2314162492330395
945,0.20148439585360384,-0.0003150703697960783,-0.3462094338356948
946,0.21156523979479785,-0.00016415640939470172,-0.2291563046358095
947,0.2125369709453792,-0.0003123315413916418,-0.41042330383280534
948,0.20800629287320826,-0.00026613742656109195,-0.2678177212888853
949,0.2087222757835273,-0.00032327984749714716,-0.3662274516751523
950,0.20759234305875746,-0.0003395169436945161,-0.3204592642144963
951,0.20716168270757945,-0.0002454395738516316,-0.2601656116160554
952,0.21836325907190574,-0.00024811796666776803,-0.392385205256217
953,0.20958560237256285,-0.0002811627149482719,-0.3604273368369028
954,0.21414005732863572,-0.00029359275762837883,-0.33055465144353724
955,0.2128328448699497,-0.000260469726953011,-0.3600751429059953
956,0.21464320483659943,-0.00023845717776407936,-0.23989496400097354
957,0.21575424090625617,-0.0002665843364483557,-0.47319809577304717
958,0.212540091622899,-0.0002811988419405231,-0.46238562636494823
959,0.19950286274678758,-0.0002305978315717378,-0.3247742798075948
960,0.1973590163681212,-0.00023828498486579315,-0.2568386033447971
961,0.21297972947854338,-0.0002994077451520732,-0.43641647148748597
962,0.21283980705008293,-0.00020728633369771385,-0.2708680527851305
963,0.19991668455194006,-0.00023840599530773615,-0.32446295375125384
964,0.21618039041573406,-0.0002626412957415191,-0.38181423083215826
965,0.20941404268961444,-0.00033878515514493735,-0.3111757463060053
966,0.20763593320584112,-0.00024567986861825735,-0.29652858884028155
967,0.2185379994597138,-0.00029232547718730385,-0.3936827607417771
968,0.20350478812412748,-0.0002860022113680115,-0.2436211089237199
969,0.21305438614178945,-0.00021478538131439033,-0.3716852142045357
970,0.20495185131474436,-0.0002377890208037477,-0.25602993194084694
971,0.202645113667475,-0.00029881646924430913,-0.40155393597232064
972,0.21698065462047,-0.00028739694042599016,-0.4384849697469071
973,0.22073361675045372,-0.0002154495488519252,-0.29962117765403545
974,0.2029952394794441,-0.0003116419548990181,-0.3843836150119546
975,0.20775922112381273,-0.00022581802004026412,-0.38749187385163325
976,0.20413554375681198,-0.00030834799889367637,-0.43766350515872543
977,0.21237383767041768,-0.00022603590626312626,-0.24117192266808996
978,0.22732220024577948,-0.00027522659956726535,-0.33412643381813323
979,0.20643035001066717,-0.00026387664557115254,-0.396200589979841
980,0.2149822678850779,-0.0002067303342220543,-0.2960854460981274
981,0.21054480191019093,-0.00026965326496236234,-0.2606271098602865
982,0.22390269242825106,-0.00023947639649277142,-0.3283803370699313
983,0.21342696105058184,-0.00023853727013744717,-0.24483408825200143
984,0.2126791791022748,-0.00023317560800684904,-0.19291246507304183
985,0.20194015813173605,-0.00026575135138025123,-0.36406677981475893
986,0.20695593450929145,-0.0002047360131014605,-0.3203507372783953
987,0.2117446033881431,-0.0002769832336798893,-0.2879214104960671
988,0.20062143201246274,-0.0003153608880309456,-0.24239388737434037
989,0.20640363169738762,-0.0002949499443238543,-0.35020004690827033
990,0.20771946662282098,-0.0002679753157691096,-0.34731621458461703
991,0.20587606338153963,-0.00024038621837876425,-0.28710647373526305
992,0.22891784578706836,-0.0002758785706114602,-0.4456233909187634
993,0.21003314688202196,-0.00024972829453319276,-0.387858104260796
994,0.2085098446583441,-0.0003345077592067175,-0.39516807695110556
995,0.2279645653732626,-0.00022428264676350678,-0.37460983326946196
996,0.21519087473463688,-0.000236831714354662,-0.25438054240224
997,0.20707771061211533,-0.0002734671339047185,-0.3876682881788931
998,0.2136669665618,-0.00022969810670945274,-0.5116939686757769
999,0.20049283504957888,-0.00024436509258525394,-0.38112797157640976
1000,0.19936355326423544,-0.00025439404810567614,-0.2919434243725918
1001,0.20837824496787177,-0.00026823230318940124,-0.4514422368558795
1002,0.2072410800519326,-0.00022580728100100351,-0.22563931808793214
1003,0.20229276971271198,-0.00028515810705848023,-0.37524214894860924
1004,0.21415385859809266,-0.0002990551881965331,-0.38174701974834335
1005,0.2079420148042605,-0.00032671025629262365,-0.33092940986457886
1006,0.21164334211310487,-0.0002534131128088974,-0.3070110783517451
1007,0.21059290453281687,-0.00025239982800549576,-0.3636560568252214
1008,0.21028084155459165,-0.0002680039744158276,-0.255227195603615
1009,0.21151894673700433,-0.0002667596980150615,-0.3256494400136781
1010,0.21110502545304904,-0.00022689995373903555,-0.2397323854044111
1011,0.20624944781959736,-0.0003054428999409714,-0.3501869091351793
1012,0.2094799261026566,-0.00030750533471257305,-0.41236073740596674
1013,0.21699078443181297,-0.0002471957356210575,-0.37135179067155266
1014,0.20455387975388223,-0.00025088350026156923,-0.3239233075112425
1015,0.2083944250359051,-0.00024308503181195507,-0.3576192341426335
1016,0.20636488077022236,-0.00026999579722790834,-0.3147532034534256
1017,0.2160833869823673,-0.00020668077034368461,-0.29320287934796346
1018,0.21811984258898226,-0.00028707224827917704,-0.2830400569804417
1019,0.2074357948168934,-0.0002571837584802813,-0.40821067484755513
1020,0.21679665856325503,-0.0003003286385436887,-0.3973320410116906
1021,0.21052863414592737,-0.00024366760014544412,-0.18949032773504526
1022,0.22868292638063636,-0.00021149907498195812,-0.26453054589812736
1023,0.21056807499035557,-0.00024776298908218107,-0.27850822374979944
1024,0.2116313475976923,-0.0002356758287525414,-0.1975235190427712
1025,0.20464632086310863,-0.0002486690493984544,-0.3823879184411657
1026,0.20003653212841765,-0.00027203598757098783,-0.36604855183448776
1027,0.21372858838871012,-0.00026826219372902416,-0.31377073788397425
1028,0.2002623262713079,-0.0002952682125284984,-0.30465504358279893
1029,0.20810095575940335,-0.00032615880170042626,-0.3914961469500278
1030,0.2176133882524901,-0.0002794301163198356,-0.23723161643762058
1031,0.204776625653541,-0.00023087388459206083,-0.304789873047888
1032,0.21923584756583364,-0.00026506853903825325,-0.3880810948727751
1033,0.2102649259615586,-0.00026231942872090546,-0.3902117194690752
1034,0.20847310520811257,-0.00032116841372765455,-0.3359910055269282
1035,0.21208678867293118,-0.0002583350707408801,-0.36514034724052735
1036,0.21237728521320298,-0.00025668562068741746,-0.30503219623511224
1037,0.20280806722459022,-0.00024645385494449697,-0.3296109463044225
1038,0.21646435585481133,-0.00024643268846445714,-0.4926795826067262
1039,0.20119445801569003,-0.00022841989327807447,-0.3297665474908265
1040,0.19786039332303307,-0.0002526195138745197,-0.31001666729171357
1041,0.2076314245083426,-0.0002561308320194744,-0.38609468118433027
1042,0.20207432901600159,-0.00022248056590730187,-0.18862174961451994
1043,0.20717599480802223,-0.00026442694535323765,-0.3141212384486329
1044,0.21278681669060645,-0.0002848286256272397,-0.352944047066441
1045,0.20151500450176307,-0.0002585854252726952,-0.20949926024041077
1046,0.2169295774394031,-0.0002642670443555335,-0.31822360334930266
1047,0.2044276341683786,-0.00026808258399518066,-0.3456905623471742
1048,0.21287720702657015,-0.00028267585894064536,-0.24439138132971605
1049,0.21169119451953144,-0.00026803772244466127,-0.31205109818649096
1050,0.2022800847896823,-0.00025002966048031684,-0.2761054437247103
1051,0.2048521080536369,-0.00035113460442172005,-0.3792475297775891
1052,0.21825131882628002,-0.0002697415898245966,-0.3612430921810069
1053,0.2234076102083547,-0.0002541230065682375,-0.41123798256460975
1054,0.20885750722345103,-0.0002694636803391833,-0.32388854939904155
1055,0.20539550844022336,-0.0002424826798549031,-0.2689016494565726
1056,0.20289071813300802,-0.00032595428563086037,-0.32857426839634196
1057,0.22506282839755942,-0.00016998080585070455,-0.2869050293045623
1058,0.2164157017636441,-0.0002734590225550361,-0.3873050179035973
1059,0.20346187225813867,-0.0002482922658028636,-0.3320380375919562
1060,0.21857416113181005,-0.00034399875621492367,-0.3396548558673838
1061,0.2200344954018466,-0.0002713656645467441,-0.40375887874195643
1062,0.22402394252793006,-0.00021694522619516982,-0.29936095960381887
1063,0.21529306108791302,-0.0002761480058118555,-0.36850582429639467
1064,0.21027913400466675,-0.0002500157346706355,-0.2826557042199654
1065,0.20788462105131345,-0.0002638685071064261,-0.3872077179295806
1066,0.20336189493120865,-0.0002630721311233996,-0.36546097720551013
1067,0.2161349050980702,-0.00022841344401369615,-0.24425902396307358
1068,0.2097679411824639,-0.00027685585853389773,-0.339555456904337
1069,0.20925408967004666,-0.0002911130142538007,-0.4028230538773962
1070,0.21217066013972619,-0.00024205588674857452,-0.2389558848903779
1071,0.19850941041110914,-0.00023799405225715636,-0.2677746755721959
1072,0.216966337751948,-0.00028693239354551676,-0.39301770108553324
1073,0.21553714763413634,-0.0002657369453876251,-0.39553504017599644
1074,0.20847310520811257,-0.00032116841372765455,-0.3359910055269282
1075,0.21251993352736076,-0.0002416159454025217,-0.4257162505124821
1076,0.21715724257952285,-0.0002557895659384882,-0.389345767592929
1077,0.20662468935408196,-0.00024878407763403,-0.2381864020172979
1078,0.20060230863059825,-0.0002724473008818511,-0.5253895716699837
1079,0.2048033117694002,-0.0002518971732484956,-0.32907582513707156
1080,0.1948623504804748,-0.0002499415107642106,-0.29537987638076346
1081,0.20804117162607183,-0.00023726023544799204,-0.3359652430760094
1082,0.206833348887635,-0.00023712313702305263,-0.222460697731387
1083,0.21071452584134154,-0.0002646666964334861,-0.3140567119801359
1084,0.20762474238619333,-0.00029067537995144737,-0.35208583234921564
1085,0.19888936200953866,-0.00023437935863274915,-0.14335141334771484
1086,0.21379662283380785,-0.00024695020288413333,-0.3515968489576077
1087,0.20145839642850888,-0.0002571668602765316,-0.35834460557904735
1088,0.20783776069041976,-0.00027400418936985004,-0.2629329127261605
1089,0.20791611162148588,-0.0002410653144442352,-0.3133974741378087
1090,0.20904928735566708,-0.0002501101902227265,-0.34346902017998493
1091,0.21073109967423553,-0.00030646209028873614,-0.3851893540621197
1092,0.21076975327235387,-0.0002768499857482839,-0.3715407467263416
1093,0.21940413414408827,-0.00028228930517320075,-0.3673913775243183
1094,0.2110037193702029,-0.00024513158880698743,-0.30468548157401404
1095,0.20676031910839393,-0.00024493948422760735,-0.2728232599658724
1096,0.2071609914791664,-0.0003009564544353625,-0.3000969242462812
1097,0.21895027782944898,-0.00020203836195583266,-0.34073369745026316
1098,0.21592984527201997,-0.0002821498061234533,-0.45261975315002867
1099,0.20432975748997084,-0.00025121126781997105,-0.3487277352252436
1100,0.22231549251687338,-0.00030350378754107803,-0.36554449255283405
1101,0.21648935588604995,-0.00028666281109876435,-0.3935077829480573
1102,0.22120470214877003,-0.0002816334136141472,-0.26717001681065067
1103,0.21395509566241105,-0.0002680098182397931,-0.3283395291035326
1104,0.21453873445673616,-0.00023651380452644258,-0.2205352543000474
1105,0.2125442633955723,-0.0002773018678691572,-0.37095005642860485
1106,0.20802500800354168,-0.0002088992166151034,-0.4093276551063522
1107,0.2181820843713202,-0.0002538104823692017,-0.3124210978164682
1108,0.2128434097059131,-0.00027418911936704125,-0.2141619554727121
1109,0.21755193262349398,-0.00028941284805485037,-0.4185445061173674
1110,0.2235138290010481,-0.00025779173941248035,-0.2884997017380118
1111,0.20644069921781866,-0.00024957021387843407,-0.3588200294606368
1112,0.21658784904783918,-0.0002955030880841561,-0.4813683299986691
1113,0.21164429246500438,-0.00025499077521439335,-0.46869234007725813
1114,0.20847310520811257,-0.00032116841372765455,-0.3359910055269282
1115,0.2131106710388171,-0.0002491097850655366,-0.39708172563452887
1116,0.2082737374186972,-0.00025451653396059545,-0.3417624895711765
1117,0.20506762460301148,-0.0002173668857766245,-0.23740131192853442
1118,0.20473723135279737,-0.000258522694972828,-0.4048828241596315
1119,0.2071450502358969,-0.00026611387416248914,-0.44702270720934045
1120,0.19968536565302053,-0.0003014214824887021,-0.27184001127493185
1121,0.20933403969345205,-0.0002098541587501611,-0.307322203596084
1122,0.20316993842753694,-0.000264469934139036,-0.28922779926062053
1123,0.20980316013053152,-0.0002456295364793726,-0.2386147191797836
1124,0.21056190012282033,-0.00030594766267532774,-0.4178494067777412
1125,0.19496029029403783,-0.00025553773170311635,-0.2467936047668045
1126,0.21331756114448402,-0.00021437152405823757,-0.35981573023661034
1127,0.2022154149139978,-0.0002490805554951573,-0.3854360577597764
1128,0.20400672028034827,-0.0002588279835089011,-0.2986504292784414
1129,0.2104653332766127,-0.00027649730512113485,-0.4255349184067555
1130,0.19346248169795033,-0.0001783976613439251,-0.25688166756083636
1131,0.2147645632053174,-0.0002668908383326072,-0.33851378309023844
1132,0.20810315577255428,-0.0002910189910745104,-0.3954617945133527
1133,0.2184980645968454,-0.00027362231333790494,-0.31984087862542243
1134,0.20360406257222946,-0.0002497980563278447,-0.3366380997379481
1135,0.2160652097238771,-0.0002513256020160579,-0.3344810259409664
1136,0.20572948031646182,-0.0003098339088447616,-0.3802398458989803
1137,0.2159686510893083,-0.0002105070542312348,-0.34818787269307944
1138,0.2202363946131341,-0.0002691158163336241,-0.39759131672987
1139,0.20174758008621518,-0.0002451942545444734,-0.41074865263716015
1140,0.21780781946598982,-0.00029021974448101604,-0.3771215315327438
1141,0.21590586325329175,-0.00024763729138133767,-0.3225582967672185
1142,0.21371411824228892,-0.00025162288038313966,-0.2999299948187433
1143,0.20789247977288972,-0.00027126374755360116,-0.30208747035870187
1144,0.21431797821008314,-0.0002475874462147551,-0.26046751698561105
1145,0.1972626502225835,-0.00026669449792781827,-0.28125775226849375
1146,0.20611303325129815,-0.0002539476025677329,-0.36072753892128817
1147,0.21566692462914283,-0.0002573579872676039,-0.41380510812978666
1148,0.21216305391456686,-0.00030197812134972525,-0.2571059104586287
1149,0.2263234762270267,-0.00026183606210859777,-0.3990032170041719
1150,0.22629352104737133,-0.000239753820145008,-0.3994673668382852
1151,0.20702199769910096,-0.0002668618487470777,-0.39147195819386305
1152,0.21759184758254768,-0.00027247262086403006,-0.43573890777693625
1153,0.20374256058111184,-0.00026254886821065304,-0.3314795074260759
1154,0.20977734098705175,-0.00027730388997943434,-0.33427300663469617
1155,0.2113488429982463,-0.0002456330881415173,-0.3989163418402255
1156,0.20706872430383894,-0.00023316759189887954,-0.3313462081412934
1157,0.21616896998747887,-0.00021616784613194488,-0.2928653151605711
1158,0.20719250159963587,-0.00026693466483625357,-0.41968682645455413
1159,0.20515511123548197,-0.0003010912944253478,-0.36073963407948956
1160,0.21394351890844254,-0.0002643493434260635,-0.3142169067225093
1161,0.20442171049294844,-0.00024337454612754082,-0.29078546901099767
1162,0.215770135751382,-0.0003096329189932347,-0.279050198900466
1163,0.220691042249821,-0.00025538918719661153,-0.35409681267158843
1164,0.20844222778345073,-0.0003155922820640918,-0.41998308483601815
1165,0.20830280390167405,-0.0002943252994106634,-0.3086787972352206
1166,0.22202766094697574,-0.00024618792163368314,-0.4095107163765677
1167,0.21577277734180533,-0.0002779296425453599,-0.4859729693836782
1168,0.20498231575919795,-0.0003156256586168616,-0.37874434489849107
1169,0.22034629032385733,-0.00019468876401045987,-0.30316358871407567
1170,0.20154011835398938,-0.0001975357112025561,-0.2835094697180349
1171,0.2037648668937717,-0.0002583078070066026,-0.19541201339842096
1172,0.21203348339457795,-0.0002912045220458346,-0.38936185274572166
1173,0.22916895200643533,-0.0002980154661583628,-0.34610364072013283
1174,0.2105954202560824,-0.00025019090096530916,-0.23753683922422453
1175,0.21498390527041167,-0.0002664719251848931,-0.4090116649820478
1176,0.20676441557895614,-0.00028863255719730943,-0.40465313863034486
1177,0.22117465287635468,-0.00017000267073425697,-0.3293453489891409
1178,0.21904584259501664,-0.00024319305382536523,-0.3499997981430077
1179,0.21243496222517477,-0.00026962760614194256,-0.39294968674938163
1180,0.22218708722133573,-0.0002608242676013438,-0.3558922316436658
1181,0.2101057302927818,-0.0002755641660455561,-0.28298490302498064
1182,0.21490908654050117,-0.0002521514063969787,-0.3058459624327035
1183,0.2095077826960149,-0.00023252151794804244,-0.4703533583932594
1184,0.21305858050247806,-0.0002310608065179072,-0.27784453395126213
1185,0.20004719828524986,-0.0002451711141181168,-0.40249179828954373
1186,0.20103268058068918,-0.0002591685814895322,-0.38167903657450525
1187,0.2100038084883673,-0.00028283961190514256,-0.3566907183646861
1188,0.2093408548385633,-0.0003084475180780593,-0.41081690969125934
1189,0.21866264529713303,-0.00026296414033304827,-0.39161725193883684
1190,0.21916334001061877,-0.00023088182031411408,-0.36473671516251793
1191,0.20265359443119785,-0.00028468581918706764,-0.33010059992777685
1192,0.22111052071203718,-0.0003025578134083979,-0.3522039813030662
1193,0.19802884270012516,-0.00024507909359019206,-0.32233828122037395
1194,0.2109223717500957,-0.00027591063546892496,-0.3110026877838373
1195,0.20945183485336688,-0.0002576411200831943,-0.4174544061775771
1196,0.20650885700996152,-0.00022087784948804606,-0.26832520164312856
1197,0.21067589889599908,-0.0002808087449287527,-0.3247990517890197
1198,0.21454214929384968,-0.0003142896582334602,-0.4875339998426378
1199,0.20666585074505966,-0.0003032322022434558,-0.423185099165449
1200,0.20474978056447501,-0.00029680260151731847,-0.30887628821236296
1201,0.20381813427962764,-0.0002524260750365052,-0.2700167873932073
1202,0.2126189202506042,-0.00031218370845917246,-0.2981883440937014
1203,0.21215488856981973,-0.0002804656491474052,-0.3208023769113904
1204,0.21113650901803227,-0.000304604363513016,-0.3888710202826969
1205,0.2133086738822772,-0.0002619818268998035,-0.2620494114651335
1206,0.21752358728208904,-0.0002600235797112721,-0.41338697072595293
1207,0.2161274441772949,-0.0002604127359087476,-0.49014327711343375
1208,0.2086345775530662,-0.00029812187122501665,-0.40239340158213255
1209,0.21819085276895817,-0.00022020565932788256,-0.32605546604961183
1210,0.2047362247774112,-0.00022727904877777703,-0.30638797156597214
1211,0.21082243371446302,-0.0002712795758579177,-0.2811564824094869
1212,0.21527652104139544,-0.00030859079384948633,-0.461091219340183
1213,0.22614225249855907,-0.00027116303795317353,-0.314769383019999
1214,0.20835484960911355,-0.0002651973824117185,-0.30671194388441897
1215,0.20871530118702952,-0.00035024760009183173,-0.5377734013114055
1216,0.20338962435697144,-0.00027247573148857386,-0.3987066911326072
1217,0.22193329165311587,-0.00021090993507824794,-0.3645731647100569
1218,0.21926065569797948,-0.000256503950367166,-0.40147569846087194
1219,0.20062149887851882,-0.0002868448764290247,-0.42099040523505493
1220,0.22304413178135646,-0.00021147702512210682,-0.3363972826681201
1221,0.21336047516516327,-0.00028664531424056345,-0.3118760621409669
1222,0.2087187942015663,-0.00024143074511739096,-0.29475243916506577
1223,0.21142483661325573,-0.00024925251636784604,-0.4218061606919314
1224,0.21224627611416125,-0.00021735910015402058,-0.26831483702340786
1225,0.21159612941564654,-0.0002677481782033381,-0.3872985292005273
1226,0.21572720248466232,-0.00028269846480749486,-0.4436836206659845
1227,0.19855982121382493,-0.000289698349365564,-0.3783533414518496
1228,0.21500821760297606,-0.0002788193284943593,-0.4082880216087281
1229,0.2219030197093551,-0.00025681444959563715,-0.3559175465689603
1230,0.2195070257566627,-0.0002462780789774863,-0.4173523129387785
1231,0.2063738158907482,-0.00027979254772680814,-0.4097995269233589
1232,0.22134808514435694,-0.0002946777498735292,-0.3702268015335603
1233,0.19920583847814743,-0.00024337697370695603,-0.32829414917214267
1234,0.22035404046334578,-0.0002641186628180507,-0.4473227483034769
1235,0.20992206341828656,-0.00028297828777645596,-0.44048512822151165
1236,0.20754290613596338,-0.00023325470771320113,-0.2978208239576522
1237,0.21597690419217436,-0.00027105237528987614,-0.35917355503109943
1238,0.2114167682325359,-0.00029761741980122435,-0.5327373749167067
1239,0.20833119624256058,-0.0002867759207503725,-0.3869877698788406
1240,0.2102112501438284,-0.00025946780438527094,-0.2622413244087505
1241,0.21252465838261375,-0.0002520401558980709,-0.29191241802158463
1242,0.2071913752788161,-0.0002931776796870957,-0.3698053640568523
1243,0.2063381252836422,-0.00031587980166481594,-0.2778502370479172
1244,0.21628117809093006,-0.00027755408854810077,-0.22128402516306056
1245,0.22592119806302285,-0.00025384872158676466,-0.2651746515466192
1246,0.21540572970684818,-0.0002738639885756974,-0.3381402789148158
1247,0.21461143874942679,-0.0002657093589299971,-0.4539512431880028
1248,0.20589060075642596,-0.00032335362873216504,-0.42216871076471985
1249,0.22103936118938522,-0.00023602648462769599,-0.3672879766689748
1250,0.2096456568870093,-0.00023512637948832336,-0.3220899132709299
1251,0.20737440428394904,-0.00022734546537679545,-0.29556005801993157
1252,0.20916708539518364,-0.0002448273970320432,-0.23510105140930637
1253,0.2240490174684841,-0.00028757948950318066,-0.4363943787518485
1254,0.2094844107301379,-0.0002680444091500212,-0.3089544772808578
1255,0.21063229651778803,-0.0003112985501037982,-0.4077776756985227
1256,0.20373454822008746,-0.00025225565414349865,-0.4324120371457923
1257,0.21783155167675267,-0.00022110309132739058,-0.42967028625187104
1258,0.21314178612861778,-0.00024786751175317714,-0.34337524695567573
1259,0.19306158949951752,-0.0002610505609710307,-0.47155139953755953
1260,0.21943239856717117,-0.00025984137105224294,-0.4333551208822353
1261,0.21791916575845,-0.00029294636548062134,-0.3635319605029425
1262,0.2129941462616941,-0.0002024648982023801,-0.2663685794534354
1263,0.21588531413707324,-0.00023168169731722482,-0.3779469780478964
1264,0.21519282533149142,-0.00023098886763624655,-0.3287057803020707
1265,0.20979473869990184,-0.0003071185894829695,-0.38939385589576136
1266,0.22590263606861166,-0.00027136623345982617,-0.5073152188525425
1267,0.21345420781067947,-0.00026408628972942016,-0.45984706579624507
1268,0.2151815641741447,-0.0002728397623459821,-0.4410997321400484
1269,0.2225749960993076,-0.00023879360797274046,-0.3178474036018256
1270,0.22002889968998202,-0.00023129944821014028,-0.4104276538732554
1271,0.2071039126167934,-0.00022052380292490742,-0.26107492259785436
1272,0.2082401644632605,-0.0002998742879639298,-0.355594737062217
1273,0.20537112295990256,-0.0002812549538746831,-0.3702454846141289
1274,0.22092445466416616,-0.00026463549392798585,-0.4461943746296227
1275,0.22433753209702156,-0.00027912899109778665,-0.44144524799031093
1276,0.2104120065133797,-0.0002280961062773165,-0.296131840438473
1277,0.21293993442706977,-0.00029051690664141623,-0.2971278266835231
1278,0.2099668374460691,-0.00025835472175652426,-0.3483224584032509
1279,0.2113223708853142,-0.00030145129979451896,-0.39499125637840005
1280,0.20850511268753136,-0.0003230457779785222,-0.33161015763142426
1281,0.20360778341475488,-0.00023827316850072368,-0.2675770598028727
1282,0.20072706004363156,-0.0002737605160688947,-0.31675718517463247
1283,0.2080313782729471,-0.00031291174644402787,-0.29503496291948705
1284,0.21687777521453222,-0.0002604020154620941,-0.3294911450557372
1285,0.2187145720045287,-0.0002453118361669794,-0.2810567815856744
1286,0.21095317922247836,-0.0002940112852423372,-0.38468061691295496
1287,0.21682663658249463,-0.0002738389421127942,-0.4110421112039459
1288,0.2127897522388717,-0.00030112035433395583,-0.5013395746097056
1289,0.21101990443869723,-0.0003090054162102142,-0.3376953732125568
1290,0.2100631246707903,-0.0002541191768107969,-0.5116825669500791
1291,0.21088190041797072,-0.00018321351674737487,-0.290165784837501
1292,0.20090237385363113,-0.00026612979397552664,-0.31639495986568633
1293,0.21804467133521366,-0.0002594312897036729,-0.35815006985621717
1294,0.20446016930781402,-0.0002701264632569374,-0.47431883587599327
1295,0.21087206479594184,-0.00032662608779075253,-0.3630028476240534
1296,0.20909641228846088,-0.0003057688778851316,-0.4343558507131238
1297,0.21719284325375826,-0.00019459458677643007,-0.4612308531338516
1298,0.21388472098820233,-0.000246035482259278,-0.3086152851433229
1299,0.19977520336482868,-0.00024931204200048427,-0.4007907020351874
1300,0.22486549092585706,-0.0002806161709946013,-0.4328204513900889
1301,0.21128117506904592,-0.0002762553694925797,-0.4052464286716978
1302,0.2127174199358785,-0.0002272904498867918,-0.15311799203449916
1303,0.2127450862487804,-0.00019810511694105703,-0.3185161603234213
1304,0.2190273392142671,-0.0002329298767631773,-0.24739672671924035
1305,0.22346675141706424,-0.0002516794651849896,-0.2758163178206416
1306,0.22798065041493787,-0.00023982216142451267,-0.5014641426164148
1307,0.2020927665898955,-0.00027413680880200716,-0.4968549429894833
1308,0.21336939688505807,-0.00024168300390721084,-0.4456731253471053
1309,0.21644996662873428,-0.0002576211434790239,-0.24875258997167726
1310,0.21136057724381702,-0.00025451784714503755,-0.3825252846433944
1311,0.20705294758525478,-0.0002405435930306208,-0.20449072024100734
1312,0.21230604006957365,-0.0002823806866109364,-0.36253516517049
1313,0.2145774945228141,-0.00027178395176238066,-0.3925910118049767
1314,0.21873201560630007,-0.0002833669393212145,-0.44422544199049446
1315,0.21683748530904318,-0.00028542172879810114,-0.3781752835012876
1316,0.2100307535815537,-0.00024762232900921394,-0.27284641108124935
1317,0.21645597086155677,-0.0002981445166363307,-0.38053566194636257
1318,0.2076108866991067,-0.000239249617193484,-0.3132964420987304
1319,0.2112169556179732,-0.0002614617802421818,-0.2948549336988812
1320,0.21167488557104114,-0.0003260155806182701,-0.46849417726548925
1321,0.20578647655099208,-0.00024481928329593013,-0.30622391350277833
1322,0.19256093566904042,-0.00026991951747329336,-0.30887469142201046
1323,0.22264190712227583,-0.0003051343866619349,-0.34950723832791053
1324,0.2008482230375418,-0.0002785650431224655,-0.26223225333543787
1325,0.2171644460921348,-0.00027017948334509784,-0.35778199542315847
1326,0.2113054007568323,-0.00027393216990178926,-0.3528156144170304
1327,0.2040296906710986,-0.00030143594841457936,-0.4747732715477736
1328,0.21266450839962736,-0.0002917348979419605,-0.5229550597430289
1329,0.21463284072341982,-0.00031885480834149946,-0.29257946511966054
1330,0.20227716154373088,-0.0003256241479148533,-0.5059190139556324
1331,0.20865125428598374,-0.00021854534821935697,-0.28305341378814836
1332,0.20048612968406038,-0.0002659857971451673,-0.44028327708979703
1333,0.20962939812055426,-0.00028369095073944693,-0.3782811763408442
1334,0.18511139013137168,-0.0003087372412959713,-0.48701036948831306
1335,0.20775094461007698,-0.0003161523619707403,-0.3471184834921762
1336,0.20564579541224165,-0.00026670650374481373,-0.4488350085691592
1337,0.21745121792933692,-0.00021647646686492967,-0.50208037774542
1338,0.2245223795403969,-0.00019572220567249708,-0.27797489527266683
1339,0.1985569993345313,-0.000240224005232133,-0.38501879409364653
1340,0.20917645628989834,-0.0002342226690759103,-0.2716928478556303
1341,0.20100527305695437,-0.0003176129587827603,-0.4068200051259846
1342,0.21065972043873543,-0.00025813408718574704,-0.2667554660381357
1343,0.21078170336001462,-0.00023619407467448966,-0.3538005276527298
1344,0.21570635842949887,-0.00021836039226203673,-0.19381261755126433
1345,0.21664025515348467,-0.0002751634220738843,-0.3924442500748699
1346,0.217383941698701,-0.0002471112404728052,-0.2878153353847451
1347,0.20040383197436462,-0.0002692563466782182,-0.4141959889923295
1348,0.21778999167945384,-0.00023918259602117312,-0.3300031120301985
1349,0.2160876255459913,-0.0002544701379082147,-0.2548693993900982
1350,0.20938234272411455,-0.00024910674756714927,-0.3443401123378314
1351,0.20753723040942434,-0.00028488751161101023,-0.27287601710903553
1352,0.21438137607235325,-0.0002778248041522322,-0.3883149597438305
1353,0.22209450456492685,-0.0002499351602145788,-0.38658591794020375
1354,0.2149302916552816,-0.00022599594429361576,-0.4326132080822646
1355,0.22373075887835492,-0.0002853976615787074,-0.4104098834209447
1356,0.20607138821117194,-0.00022839340992002557,-0.20451329184929445
1357,0.21287362607701793,-0.00029843404050269287,-0.37402034628718434
1358,0.20716848119234765,-0.00024003052490861383,-0.3118293369515731
1359,0.21869483363312026,-0.00022099435287630139,-0.38779932677808
1360,0.2170838049134884,-0.000277010731722497,-0.3211616229610683
1361,0.2064445601858088,-0.00022934067789202504,-0.3038415379431533
1362,0.20714079187641138,-0.0002854360002562617,-0.41015679656710907
1363,0.21407160341391518,-0.00026673373051741344,-0.3842259946498975
1364,0.19866252966184544,-0.00032573421172265335,-0.37503185635933983
1365,0.2134821036741696,-0.0002762378203308132,-0.36053883053642727
1366,0.2118351421174371,-0.00030225309066257233,-0.4110216262646676
1367,0.19900016125768377,-0.00028641499081382777,-0.4531055864529734
1368,0.21124491901670278,-0.00024508696916685933,-0.4746347706954486
1369,0.21166697108176158,-0.0002814019240401054,-0.33037980043953047
1370,0.2098743256847374,-0.0002981199831406644,-0.3700767769081109
1371,0.2081757971387821,-0.00024114640144515443,-0.2993884797868845
1372,0.20210946900456095,-0.0002539266575821988,-0.4334676482152913
1373,0.21041152418839915,-0.0002943992350546027,-0.4077926185026548
1374,0.20842273274430673,-0.00027347597431419987,-0.3361089540899634
1375,0.21578538082294946,-0.0002843431085884731,-0.2845648617733081
1376,0.2074990773889397,-0.0002624727981729263,-0.4048200920471317
1377,0.20865674673175055,-0.00022666549854264524,-0.4173856172232635
1378,0.21808924749728353,-0.0002186766422081909,-0.2509846175380996
1379,0.19791047505054887,-0.00024264909329771135,-0.39203866666320997
1380,0.21137977915717165,-0.00020502082736462507,-0.22924333562869637
1381,0.2058686474772718,-0.00029127668505128386,-0.38772488336074296
1382,0.20933036648065567,-0.00023852519837747423,-0.31720552620777526
1383,0.2099981947558891,-0.0002325149195721296,-0.367353525476998
1384,0.2141195092000605,-0.00023826907208235548,-0.3074196527157442
1385,0.2194153600094042,-0.0002768941956547815,-0.4806257781863435
1386,0.209172340669316,-0.0002799276290156398,-0.3948329658427113
1387,0.20200402625620817,-0.00027071732612814155,-0.4568113438144574
1388,0.2155473123824464,-0.000244623664789968,-0.34773832201084853
1389,0.21502062418653484,-0.0002395887468370448,-0.22067421871805815
1390,0.20887414846298868,-0.00028317024881828684,-0.44570823736295523
1391,0.20373836685953767,-0.0003001727724709579,-0.3622350068525144
1392,0.21806064491703742,-0.00026528952965543544,-0.4752407426019881
1393,0.21689577717562747,-0.0002674342623749292,-0.3978710797094167
1394,0.20816958725290435,-0.0002471811790076731,-0.3877328628127074
1395,0.2246975199116334,-0.0002483201263368478,-0.3740471810097497
1396,0.21042512428271348,-0.00025200754701712046,-0.2722118620065198
1397,0.20951287687477899,-0.0003356291738744176,-0.34643864012392755
1398,0.20487517209722905,-0.00021506329704674547,-0.22388927303584982
1399,0.2227430910202442,-0.00023438324200009537,-0.50696402013554
1400,0.21095623700135763,-0.0002966547656947573,-0.332409026629906
1401,0.20690792901250277,-0.0002346183543091028,-0.32332170200160903
1402,0.21210798543549642,-0.00033869944261858233,-0.37954820474587175
1403,0.2022721342545678,-0.0002619737484382858,-0.4725694964074491
1404,0.20658471636876286,-0.00035765346325330896,-0.37191804177212473
1405,0.2196245582377297,-0.00028882730603892626,-0.3843974337258782
1406,0.21452088270521102,-0.00032082814366774935,-0.3559900460943005
1407,0.20463905340152333,-0.0002765481147090045,-0.3817840606650607
1408,0.20640617449050652,-0.0002769158826750688,-0.4152803335767376
1409,0.2090061369735891,-0.00026859179551677576,-0.16728090412593466
1410,0.21799127502310872,-0.00019714872850163515,-0.4355280334233268
1411,0.21209203097331253,-0.00024190213360385037,-0.2424672390895119
1412,0.20667097748732122,-0.0002783452040781342,-0.44404984859039287
1413,0.21189413629404164,-0.0003088127321703025,-0.4029974662910316
1414,0.21697531223487337,-0.0003030737868938868,-0.44137382105000894
1415,0.21179116041899204,-0.00031186767726669326,-0.27537232591429023
1416,0.20568543838368392,-0.00030198270481050885,-0.43137356729161325
1417,0.2113413871367193,-0.00021341973242831278,-0.36623218684867187
1418,0.21405083049158885,-0.0002772266489467396,-0.34912320641183436
1419,0.20231348697446772,-0.0002448300179598108,-0.35442858569300945
1420,0.21137148830826225,-0.0001939073124226761,-0.3859458473831258
1421,0.20483162016913875,-0.0002695970982748239,-0.3020126601507553
1422,0.20585888348796544,-0.00021739059585974106,-0.33287524100555205
1423,0.21104107288743817,-0.00022939850558605605,-0.4097025665910749
1424,0.21066320889250056,-0.0002397690225744247,-0.29013298329814713
1425,0.2245809415220829,-0.0002779742910057963,-0.44593616470404107
1426,0.20114750310798646,-0.00029315617680266705,-0.4087378948324349
1427,0.20238552915105112,-0.00026916989349942146,-0.4103039223197379
1428,0.21812436799338697,-0.00020446789174514038,-0.24525168492815358
1429,0.21059402602695876,-0.0002668613297664991,-0.309153797016148
1430,0.20730748014498607,-0.00027956506640987766,-0.465262312037916
1431,0.2013385373066643,-0.00027942699822252107,-0.34671563734334043
1432,0.22066590147580328,-0.0002670372756419261,-0.4346392636688205
1433,0.21798039285217258,-0.00023814145320470403,-0.4158391558525706
1434,0.20657045098429105,-0.00022552943385695416,-0.3780914152566516
1435,0.2195414985188504,-0.00028271420070828494,-0.4314183383450591
1436,0.20865353517949897,-0.00029263445188600524,-0.2821493290054744
1437,0.20828183152430468,-0.00030827419729244636,-0.3835576518017921
1438,0.20487517209722905,-0.00021506329704674547,-0.22388927303584982
1439,0.2179722142089206,-0.00020726554036446453,-0.360757558560954
