Occurrence,Gamma,Tau
0.2323731936241870,-8.33526120755765E-05,-0.3962292410551060
0.2260110450209290,-0.0001310397017650740,-0.34087907982605800
0.23440549926305400,-0.00017709689135074300,-0.37546318175673800
0.2375322654017040,-0.00020808114626576500,-0.2661852803941780
0.2301788546113120,-0.0001425484615159010,-0.3301633449189130
0.22990668989772500,-0.00020836808808071600,-0.3267886826946610
0.23660351482396000,-8.05587316333991E-05,-0.2824905007035770
0.23205134340292200,-0.0001324085901056280,-0.3444607580785090
0.22885663677624900,-0.00012826710121951600,-0.36244702898186600
0.21740107582010500,-8.96841466704535E-05,-0.32132799199485600
0.2260665320899590,-0.00012564542360069500,-0.17897230449416000
0.23288203490875900,-0.00015676430934359300,-0.24660395088688000
0.22609167738560000,-0.00011838576933318200,-0.3103436245577000
0.2320072125509660,-0.00011385073922699300,-0.3102719107121270
0.2251819478934570,-0.00011696474710384500,-0.28776113383519400
0.2159748430253400,-0.00014591844110429100,-0.28884702759786300
0.22219273157177900,-0.00010201787647400000,-0.1268833800236740
0.2276239334962910,-0.00017296299172746400,-0.3083799875517130
0.22183141909126600,-0.00015176417114607100,-0.3591518558443310
0.22712721181489600,-9.86162255514836E-05,-0.1564878168734000
0.23103978201307800,-0.00011826252281822200,-0.23756718310580000
0.220607355963814,-0.000132764017662474,-0.28871378932604500
0.24404963353468800,-0.00015664078362238900,-0.30240567565129300
0.20814816865514300,-0.00011406423166810100,-0.36398990365323500
0.2292964715274370,-0.00012756403417065000,-0.2225254338436500
0.223557132821545,-0.00012784918644054400,-0.3655982766759890
0.23918423986563400,-0.00012440384556222100,-0.2524158911629780
0.2190134579600480,-0.00012002074918773300,-0.4196360741498190
0.21879796201127200,-0.00017147362542502900,-0.2589649363870480
0.23743910345900800,-0.0001600361218356660,-0.28118756478382300
0.22586709421240300,-0.0001284959458170020,-0.25362106899071600
0.23002314453787200,-0.00017081521515870800,-0.30649741996940800
0.22091010625032400,-0.00017809554165124600,-0.29270522293065900
0.23622586724264700,-0.00016194337708462700,-0.3264897479200830
0.22653216040349900,-0.00013826191055484000,-0.33281279359826700
0.23699901570578100,-0.0001574926463903300,-0.36948518861076800
0.23273218132338800,-0.00012455018831977300,-0.31038362225516600
0.23058871339446400,-0.00015944942600256200,-0.34206571062058800
0.2255467992472010,-0.0001593390794933640,-0.3266971896287180
0.23509434150410700,-0.00011788616966717500,-0.28823656229161100
0.2299037562975370,-9.67785758952468E-05,-0.30017657831076500
0.22903296450040700,-0.00012226721036290300,-0.3069602888315860
0.23343864278273600,-0.000155235610970887,-0.400886071203618
0.2285265224236950,-0.00015528887044665600,-0.21417114333057100
0.2419806253624160,-0.00011248164857566900,-0.3113382247839530
0.23083203320529300,-0.00014854116739405500,-0.29332969249777800
0.23045491738863800,-7.47339403642113E-05,-0.3109049790330150
0.2458615638359660,-0.0001265671594943650,-0.3774696693285980
0.224884886869804,-0.00013616470335913300,-0.3675528951865090
0.21589272592278700,-0.00010995184572803900,-0.3077381619134170
0.2253297551018190,-0.00011224394420839400,-0.10683875224775000
0.22909906637322300,-0.00014690543219891700,-0.2505118596655180
0.22888058344244300,-0.00012902038418567900,-0.30072433322602400
0.20975186301709400,-0.00015534467155465300,-0.35441341996263900
0.21002258559043000,-0.00015614036681967900,-0.2582420785994480
0.21879999297746800,-0.00016208596802270700,-0.30275451492943800
0.2221699236708440,-0.00011220500765372300,-0.17791946587792400
0.22610151044546700,-0.00014418518762428700,-0.3158953666177080
0.21159549976305600,-0.00015407217419038400,-0.3409803610241140
0.22610446399957400,-0.00011294004605212100,-0.1914856048323500
0.226784967352297,-0.00010959829427498600,-0.234534359907293
0.22194388966580600,-0.0001516825102576870,-0.27831894329592000
0.23707764221924900,-0.0001520795722744370,-0.27592112313714300
0.22087674036951100,-0.0001270230016764860,-0.3400302074288230
0.22604051054745200,-0.00013337843178802500,-0.2835067496824190
0.22125120987733300,-0.00017797079318080000,-0.37420615760630400
0.23454840762864300,-0.00018583716420996300,-0.3023331357174390
0.22162205412302700,-0.00012848621584210200,-0.37815280634327100
0.22489769043976400,-0.00017084525752908000,-0.262195783063466
0.23697356978713400,-0.00013117978879100900,-0.1657423422320570
0.21868955601523500,-0.0001351420495286340,-0.22328761698463400
0.21667562399984300,-0.00015618109336647100,-0.2787339646428890
0.23689578205876000,-0.00011829505068776100,-0.3226705942497660
0.2311919474670740,-0.00016614071444390300,-0.34341302472697600
0.2287093009761940,-0.00017878940241863800,-0.32021677683854400
0.23880102006975100,-0.00012572740337287300,-0.31451703299115400
0.22278034990345700,-7.79168601130157E-05,-0.2640808348216650
0.22994123772660300,-0.00016464229546149300,-0.38346361849216900
0.22088013567926300,-0.00016865762451300300,-0.36273205077071500
0.2449494275509080,-9.7130564599764E-05,-0.28304148979766500
0.22899815142303300,-6.00490314597299E-05,-0.17429295369208900
0.23520947485380600,-0.00013765883364638800,-0.3231453244072270
0.23742958618745100,-0.00011834937123257600,-0.39553384093718900
0.22528348350717800,-0.0001437664931662060,-0.18187102146394800
0.2408130567564890,-0.0001665748473857390,-0.3025028790349250
0.21787365911495600,-0.00012024545019606200,-0.16199409353700700
0.24162323248671200,-0.00012216605059427200,-0.28010428857641200
0.23069706230047900,-0.00011114658458522500,-0.34932354038098800
0.22210041482866800,-0.0001409596655886330,-0.37509700323454900
0.2145038639302680,-9.91961890270831E-05,-0.3083999171242920
0.22050515055122900,-8.90014114352351E-05,-0.1601439385386070
0.226644356587578,-0.00013936920940363100,-0.25193857993780100
0.22751410087505100,-0.00012207458097463500,-0.25185056604601100
0.22045626359870400,-0.00012451785811224400,-0.3074840054233490
0.21888632907775900,-0.0001358371052372260,-0.2935828246314280
0.22530073391422300,-0.00016866903147761300,-0.3254390815148170
0.23546035208800700,-0.00013267097199136900,-0.28949942875419700
0.21656654105243500,-9.80580423683355E-05,-0.2527995667894600
0.22402183455965800,-0.00018635984847978200,-0.34934119330839
0.2296341233823510,-0.00013025648107442100,-0.231490788912884
0.23165986251654000,-0.00012830989676099300,-0.3286667999983480
0.2126543972909670,-0.00014153525921833200,-0.21008066279422100
0.23461675436048300,-0.00013582250376181000,-0.27978469038126500
0.21857857320897700,-0.00015927096314730600,-0.2860456643808170
0.2131352679064940,-0.00011182789384995200,-0.21134537203904100
0.23077242712696300,-0.00015269744311494400,-0.32356075166954200
0.21809677895224200,-0.00019966308134274600,-0.36824704750388400
0.21744198728559300,-0.00010448793858763000,-0.36728174512682100
0.23140916047130200,-0.00020248216443143600,-0.26974994443811100
0.22786831637139800,-0.00013940224557850000,-0.261776797849758
0.21575574838581400,-0.00015102560783644800,-0.1974138363800740
0.22469030819299700,-0.00013109429259402000,-0.3139774812938320
0.23041670094517900,-0.0001280256230710130,-0.24940818994421300
0.2283106820651100,-0.0001846434256555240,-0.36087380893931000
0.2287093009761940,-0.00017878940241863800,-0.32021677683854400
0.23147472899331200,-0.0001227006074207820,-0.33475841194555800
0.22872887208795300,-0.00010932981074067800,-0.33691032928317800
0.23590823845595600,-0.0002105049552220260,-0.41530675398878900
0.22142400622098100,-0.0001488650013539780,-0.3290054997417830
0.23568182993933300,-6.58184604622544E-05,-0.27087319388861000
0.22688509522214100,-0.00011621877612631500,-0.220508402813281
0.22061187720292700,-0.00017875823139930600,-0.27440718856624700
0.23208930022674100,-0.0001263313803412190,-0.38449994389094100
0.23874726535353900,-0.00011801401972741300,-0.26126977420054000
0.2334109867264600,-0.00015661747548436100,-0.25141744298242400
0.22113581163985800,-0.00010145834119578300,-0.2379272761030800
0.2283645806800190,-0.00012514964855853000,-0.2955067412544200
0.23069706230047900,-0.00011114658458522500,-0.34932354038098800
0.22880096945564400,-0.00017505698959057900,-0.4493396526128230
0.21979922268881300,-0.00011299830269413700,-0.31242844325879300
0.22442491776592800,-0.00012448347852513100,-0.24437920438222000
0.22729511886473600,-0.00015624868916645700,-0.24733733478598600
0.23045164815795300,-0.00013513495906521800,-0.27988956918337300
0.21106331861082100,-5.97384404172217E-05,-0.306169802409787
0.21268372347910400,-0.00013297833349446300,-0.3015961626354940
0.2117080570307280,-0.00018684518330647300,-0.3428733785616610
0.24495511255493000,-0.0001126300628490740,-0.20968455511212300
0.2209204504599780,-0.00010523179367156500,-0.23687210076687000
0.23145935192932900,-0.00016564708953886100,-0.3279571335635970
0.24779646923868600,-0.00013651764292799100,-0.2666233928350950
0.2405552910909910,-0.00015161016302154800,-0.301449558593368
0.20690344335429400,-0.0001723431999862460,-0.2093938664388990
0.23313238980029600,-0.00013205081429593300,-0.2613777727680380
0.21143796226979800,-0.00014020719864279900,-0.23908335117979600
0.2194256354973380,-9.44892927988685E-05,-0.2832317776940720
0.22344540987792400,-0.00014369347533124100,-0.26865417606928400
0.22000147369481700,-0.0002200548687274190,-0.32633082327674300
0.21338978394868900,-0.00010656746176051500,-0.29423675133041500
0.21903644287019200,-0.0001476662895601730,-0.1951705004939890
0.22993798602314700,-0.00018937749334821000,-0.38746137209979300
0.21638737250705600,-0.00014799362007756800,-0.17047554127344200
0.2232251381990030,-0.00012672484908652600,-0.3664814094761510
0.2334056827457130,-0.00010269325180129400,-0.2851162836707050
0.23103872904011400,-0.00018784494803232000,-0.39323835887054400
0.22987340495512000,-0.00017819656528019200,-0.306467636310898
0.22927676550432300,-0.00012827172453747700,-0.2867872852437320
0.2345894711479710,-0.00012729530306673100,-0.35598553207624000
0.2232285613906340,-0.00019837130035242000,-0.3179448999589950
0.2197527307573450,-0.0001583120223672490,-0.3362316867494690
0.2380672403191070,-8.33050826474107E-05,-0.19068504475288800
0.232370629459284,-0.00014781361897813200,-0.31597742596729400
0.21878968622123800,-0.00021200133262866800,-0.2998795141222840
0.22443818064819800,-0.00011030702263141900,-0.2762986787910880
0.24075001771933600,-0.00011917988783349200,-0.2445500460848390
0.2318377834934630,-0.000168297116470971,-0.25355138056538800
0.23081254136797300,-8.22814436357872E-05,-0.15642006750362800
0.24296811183647600,-0.00014512339263649100,-0.2450451892319830
0.2244913111716470,-0.00012892943393921600,-0.3364510972817490
0.2290268992924620,-0.00015260943393023000,-0.348163885091588
0.21922128421791300,-0.00017386497710191800,-0.3463313704385400
0.22444289504454700,-0.00011241015125465500,-0.24086501370935600
0.21637367405960500,-0.00021643212199666100,-0.30518403587788000
0.22394815412803200,-0.0001297746890210090,-0.37091596067479200
0.2296142648401790,-0.00010777315187557500,-0.2849059278006980
0.22122615235655100,-0.00016041995810138600,-0.35767427889914500
0.20823052963536800,-0.00019007804949586600,-0.31713946089707700
0.22413155873356900,-0.00010662671823634100,-0.2299208853234800
0.21759772473021400,-8.30267664895264E-05,-0.23152731863243800
0.2300296405365350,-0.0001841723046377640,-0.38528683764128800
0.22954524003707300,-0.00013185831786104100,-0.2973893713496830
0.23160572990150100,-0.00016540473890515100,-0.43265246515903800
0.21190896371828300,-0.00012784474020619200,-0.21371575173241300
0.24724488734065700,-0.00013411643455299400,-0.34099321467803400
0.22251652127637500,-0.000119929345347488,-0.37240486796287800
0.22328098139080500,-9.5842107994415E-05,-0.26564504379338900
0.2268860056241990,-0.00014865170745611900,-0.24734419202549300
0.22845455292318300,-0.00020432799626392300,-0.25338031759925400
0.21147057427762700,-0.00013561331417791000,-0.30566070464540900
0.22312148169556800,-0.0001740769353487750,-0.17120222709185500
0.23285165040273400,-0.00022397291666114400,-0.44797022099400800
0.2181519786985100,-9.92008555046339E-05,-0.21943302031936100
0.22652383944011200,-0.00012368320325316000,-0.3403274033727610
0.21491773257590500,-9.62535739903111E-05,-0.2570217706027210
0.2326605659269250,-0.00017633339277368000,-0.4310518800139200
0.22730979884295000,-0.00015851669661499900,-0.2802370412515280
0.22539156039238800,-0.00012031715347440400,-0.23563529062434700
0.23216775622250500,-0.00014158181689278500,-0.3835730813485790
0.221912694210899,-0.00018067543788702300,-0.30790010420487600
0.22549002308357000,-0.00013098302104275500,-0.2978508368495090
0.23717125329286800,-0.00010135713730976100,-0.2530505811464860
0.23343501180031200,-0.00014835084291533800,-0.3236224768688410
0.2202147109956420,-0.00020190105352765800,-0.29426746898337800
0.22604247197286000,-0.00014887423655508900,-0.2899115163397780
0.2332742312509350,-0.0001428993867345350,-0.27079547902441700
0.2235386296514640,-0.00014179656806595000,-0.3124738367994530
0.22594412408101800,-0.00011587968013009000,-0.24460777334922000
0.22492807286861700,-0.00017388910351017800,-0.2542621889866010
0.22093340740374100,-0.00014223249191687100,-0.3483234322277760
0.23300266695593600,-0.00013992483965896800,-0.3032943158597590
0.2135089106359340,-0.000154768188358698,-0.32821370102144000
0.22415390042309700,-0.00011946881550743000,-0.2628369186949540
0.21337912239070600,-0.00013896043669608700,-0.26021509171217200
0.23735942362491000,-0.00017606255427776300,-0.3689701134693250
0.22890292687678800,-6.29098488821027E-05,-0.14601262873534000
0.2200178296195410,-0.00016888708357477900,-0.35695993689454200
0.2135913706651330,-0.00013360729788646000,-0.3110895898741860
0.22398835716663200,-0.0001573968836314310,-0.23116730052812900
0.2198436625179450,-0.000105176845011619,-0.25699394907782600
0.22465500445143100,-0.00022015533718700700,-0.3867260765532270
0.22634088342328400,-0.00011729800541724000,-0.19187359878973400
0.23042654733955500,-0.00014189696611843000,-0.30686817536613900
0.22147925293326500,-0.00015829667072402100,-0.18380915258907100
0.2263879930203250,-0.0001916453617431300,-0.38373822483835900
0.22374672678038900,-0.0001535554469312170,-0.3371241906599830
0.2272468064199420,-0.0001116151113101460,-0.27182767155051600
0.21759931302834100,-0.00018364998933764200,-0.18727592386278400
0.21597330940082800,-0.00021622912573487300,-0.33419274038821700
0.2142322541020420,-0.00013834579598296800,-0.2981258177144550
0.2207407753077000,-0.00019126424725407500,-0.2131295761464450
0.23091796401634300,-0.00018233663653232500,-0.35072479934053300
0.21222226230166200,-0.000150857107851942,-0.12494422640771300
0.22958658436973100,-9.28986466588888E-05,-0.3214129967253860
0.2172897732818480,-9.64844738918056E-05,-0.18752542096097500
0.22984834896298200,-0.0001476172200170250,-0.2590744391146930
0.23852439608497100,-0.00016669464044379000,-0.21080181213725600
0.22019122360345900,-0.0001189043904617530,-0.3159086766613930
0.2304803582226560,-0.0001717164662497340,-0.32849955946864800
0.22760224384147700,-0.0001922867838461670,-0.32830260115399100
0.23386073518082900,-0.00014298284559707100,-0.2618428838112510
0.23328895281146600,-0.00011999525858136300,-0.2524680899957780
0.23877757261962100,-0.0001634113142560540,-0.37584835998713100
0.2334996459887310,-0.00011590688130762000,-0.23912366115866100
0.23541847634746400,-0.00014715065847652700,-0.32831904318757
0.2298274418260840,-0.00011876933283740700,-0.26449528214786000
0.2208987716020430,-0.00011612103894641400,-0.3211975517753860
0.2275686833759220,-0.00013770447804018500,-0.21191500365273700
0.2184352160972270,-0.0001742098919329300,-0.2343576981722270
0.23225332065612800,-0.0001476769896143350,-0.39220477045701300
0.24328652948677300,-0.00013667392497221800,-0.35259834084314600
0.21865881930772900,-0.00014846266164171800,-0.29695125556186900
0.2388313358816080,-9.9459632923856E-05,-0.21455812199133300
0.20644298967634500,-0.00013989068684810600,-0.25252000455319
0.22934534291241800,-9.24832259273668E-05,-0.3009099041407310
0.2305411049183910,-9.72816816005216E-05,-0.2275886157358850
0.21370840727485400,-7.96117481472893E-05,-0.24893999337964000
0.21280003222837400,-0.00012954688972962900,-0.3055188673585850
0.22013690424160900,-0.00010964327602132300,-0.18279330963502700
0.21603224850697000,-8.94703890434065E-05,-0.1985340750385040
0.22743898852607900,-0.00021970426634793400,-0.35601347770041700
0.2315346047192340,-0.00016131504575290300,-0.24862311413696000
0.24266051737357900,-0.0001776351768411750,-0.39516318356346900
0.23037588274943600,-0.00021290450620099600,-0.17146411711588500
0.2329814028612940,-0.00018445901538985600,-0.3901010245450940
0.22377983333051700,-0.00024045097004412800,-0.3390543470831190
0.22083234912402500,-8.70241248526571E-05,-0.26593585283611700
0.21596644491955400,-0.00012632712774255700,-0.1996906228805600
0.22060370592580400,-0.00018566044441394100,-0.31158175721682300
0.21495631106492800,-0.0001291229954062990,-0.33921566824721900
0.2315134565718730,-0.0001374140965637210,-0.20636930868858300
0.22517161869185400,-0.00017420236818452000,-0.3473771406878330
0.22434375759129600,-0.00020178953197053200,-0.4020824105763060
0.23320187808180600,-7.74951444961864E-05,-0.37376782321900600
0.22763590933900800,-0.00010160561150242300,-0.208793058732817
0.24371582200175900,-6.31552473499507E-05,-0.27250390040415600
0.23817126302082100,-0.00016569162640606400,-0.2334266913944000
0.22251271127052100,-9.91967678964025E-05,-0.2903481833605990
0.22621858002138100,-0.00017813870196453500,-0.302637935118077
0.23931740907389000,-0.00017650665575715500,-0.3276532894463410
0.2233573425587300,-0.000125445623427213,-0.2878240875394600
0.22689195688180400,-0.00012362334190440000,-0.281548069991593
0.2284639150223230,-0.00016436863358323700,-0.2908288885176620
0.23113365182271400,-0.00011118114048145800,-0.22831976366679500
0.2233995172325330,-0.00011818559120245200,-0.3503697091226990
0.23225248361643900,-0.00013834810937056400,-0.3259290858459380
0.22780529795058000,-0.0001085569990377290,-0.34570402857917600
0.2250523370574550,-0.0001316216976231680,-0.22597093219296100
0.22694768522224100,-0.00012277975771170200,-0.3367731102161960
0.23295041364365000,-0.00014483925174162500,-0.3950067892525030
0.233968841497915,-0.00011620764282817300,-0.3073628499626750
0.21944847292865900,-9.76200681069332E-05,-0.20504140853586600
0.22138736087757800,-7.73802383159781E-05,-0.2832552726438040
0.20877285339737500,-0.00014427458770791000,-0.23611632424140300
0.22909434898932700,-9.74858989836296E-05,-0.28350661397852500
0.24063816050873600,-0.00013759745691173100,-0.2388657958172000
0.2174506382922360,-0.0001590371324220150,-0.24518342068148000
0.2213954213815820,-0.0001417725527974720,-0.3237133454595430
0.22553422533647800,-6.90384576033899E-05,-0.14548384508789300
0.22137577878213800,-0.00013430873458463700,-0.3077169150027240
0.22640719982479600,-0.00022697051634973200,-0.4104928719620810
0.2235957132778410,-0.0001611802169369980,-0.17749986823944600
0.23194717593378100,-0.00015230265979096100,-0.31009330509564600
0.22982834334921100,-0.00016264297329145000,-0.2080777801921820
0.22416084276160900,-0.0001642101521679500,-0.3746907783495590
0.22349868682356700,-0.00018024333987100200,-0.2422119563623010
0.2197698585304040,-9.6165079049938E-05,-0.22767152418162500
0.22813170463294900,-0.00015904380554937300,-0.21483664024142200
0.21658646040151200,-0.0001408123084768350,-0.21713802312085900
0.21664004582904400,-0.00014007349865481900,-0.34462782589540000
0.23030202830116700,-0.00017325218744807300,-0.3198726164820530
0.2265004984282250,-0.00016539189839686700,-0.3229790557724300
0.2255385509801810,-0.0001821573868751380,-0.42691295123571900
0.2302999736038020,-0.00010806088656117500,-0.29390862074662700
0.23574386659165300,-9.86106397129449E-05,-0.241165625450446
0.23713969421306500,-0.00010261227988882000,-0.3108210873038970
0.24000237591841000,-0.00015942140885044200,-0.2628375514575110
0.2336457297143610,-0.00011126292274211400,-0.3228775232576770
0.2241553982580450,-0.00018064214848212800,-0.3596545495108910
0.2311180878018850,-0.0001555984610792930,-0.2656943175070310
0.22891179708168100,-0.00013151053073093300,-0.20231085159318600
0.22581669878189800,-8.28258793092062E-05,-0.20857913987446100
0.22735476223568500,-0.00020228733993205000,-0.2609378849736310
0.23268610292341300,-0.00010434872699278000,-0.25184781419661500
0.21446875403409300,-0.0001609916451126020,-0.32318305448104100
0.23568812057620600,-0.0001242958140398040,-0.2590652651303700
0.22804751862581200,-7.20175265050214E-05,-0.3651869894137270
0.22577040646055000,-0.00011585811786109200,-0.1764982838945470
0.22920086037227000,-0.00011421149330450900,-0.38312381978687500
0.23604729093849400,-0.0001496501053910110,-0.3947967457366990
0.23023955952977000,-0.000131104831973833,-0.29851431978690100
0.22698489822247800,-0.00014664612135672500,-0.13701443674990600
0.2258780699182710,-0.00014096152372927600,-0.2829269884797310
0.2215852475919060,-0.00013222304942376500,-0.16621785741285300
0.22448246331940300,-0.0001024540960938240,-0.37451897458338000
0.2353512446295630,-0.00010740416232805800,-0.24086814577886400
0.21731302729978900,-0.0001577309487607410,-0.3393717659122920
0.22681367715182200,-0.00012342832423644300,-0.224804492625172
0.2288165058872080,-9.3503627895478E-05,-0.20188782989684400
0.21730320015865500,-0.00014781327918212600,-0.2877839004413060
0.23403473110191100,-0.00018491762054119000,-0.44635089893843800
0.22051749362308500,-0.0001983069979814760,-0.2806401131213600
0.2315134508142420,-0.00012577229717960100,-0.22639534052787600
0.23425027544832100,-0.00018770321882009600,-0.24134315898150200
0.23268546611645800,-0.00014385308615839900,-0.375003755022094
0.22391742194550700,-0.00018472458409627700,-0.3479633684610370
0.2126249493180380,-0.00012968796833016800,-0.2717791514955240
0.2279313379307330,-0.00014337844773840500,-0.1525261481698680
0.21421757800076300,-0.00016573801016315400,-0.24092926786111600
0.21996427398503100,-0.00013721008923562300,-0.3012352440097160
0.2233416871953640,-0.00015389915608043300,-0.35351578292541400
0.23813234986906200,-0.00012105378675431700,-0.3002731023361020
0.23103929417976200,-0.0001659693698973580,-0.3509311349556970
0.2319104070420470,-0.00012465545131454100,-0.2936971926569400
0.22933537487842200,-0.0001290949153971310,-0.21187936413748400
0.2357285369446460,-0.00011726817418810400,-0.3200994272441430
0.23857428335359500,-0.00019217754333497800,-0.42299312272834500
0.23226948541917100,-0.00011866216931381600,-0.25427994724024500
0.23220370477841200,-0.00013071816973039700,-0.2616502968010840
0.2253951603413630,-0.00022429072400387400,-0.27850253489874800
0.2309638043634820,-0.00013539273598423500,-0.21558983852818100
0.22622315030524600,-0.00011221957803493600,-0.29767480921747600
0.21366668531325800,-0.00013955253158632600,-0.2968931953319170
0.22813809485210400,-9.00034138964493E-05,-0.2575534840964230
0.2131951403499490,-0.0001700216052631880,-0.31997224884784500
0.2253167331411920,-9.87325476659959E-05,-0.32476747531475000
0.2186719791696110,-0.00012309883248262500,-0.31284161963567100
0.21648904730600100,-0.0001679365661228780,-0.23253590186401300
0.23032904370485500,-0.00012061216266179300,-0.3429301441377590
0.23513095877722900,-0.00014858640484378500,-0.3857052085254620
0.22779196768650100,-0.00011697669708641700,-0.3203413266796730
0.22373774818651200,-0.00013428283024801200,-0.2457021415185750
0.21291379086182100,-0.00016779868465376000,-0.26651652243270400
0.2336920034974430,-0.00012464171479345400,-0.18460539549317500
0.22365062350183700,-9.95787363493883E-05,-0.28460269923966900
0.23483896682343300,-0.00011004821759381000,-0.3374189190296430
0.21357266570903700,-0.00016001779053534200,-0.35540831571268200
0.2233983600021580,-0.0001187356884537950,-0.18611343945383800
0.22427360186768400,-0.00014160999645159800,-0.290901759445082
0.22953325536554000,-0.0001879388366972320,-0.3002147014330440
0.22972022524471700,-0.00017124420911040400,-0.3179760355489260
0.2233555876318530,-0.00013226368660821800,-0.188448702306464
0.21494361670545900,-0.00014932156135206300,-0.36168089449636400
0.24108625141586500,-0.00023438961679885600,-0.29516914242659400
0.23295852351494300,-0.00013668063588127800,-0.3844428258269510
0.23554526108809300,-0.00011919757732412400,-0.3711665443514920
0.2264908700757330,-0.0001365702698925450,-0.22917892655818900
0.22262071708333300,-0.00017247765621807900,-0.22994465911930200
0.2096710054209830,-0.0001653994742622040,-0.23243054547320700
0.2159156081314340,-0.0001371092286925330,-0.1978605140859360
0.22290119846502600,-0.00016693150075676500,-0.3018689835528290
0.23589301567637600,-9.79481449747112E-05,-0.26974550671909500
0.22847623167717800,-0.00013417915607256000,-0.3495227928902480
0.2317896594074630,-0.0001643007618805450,-0.23291258457196
0.22147782308777400,-9.55946229702947E-05,-0.2168701425077970
0.23031651780007400,-0.0001331719440454950,-0.37307746052108700
0.2329846318668640,-0.00014787922187292400,-0.3813494279824560
0.22477723228419900,-0.00011327261905430200,-0.2433127255247480
0.23906311853651500,-0.0001453594232985490,-0.2855160759950960
0.22200071467881700,-0.0002317750238876540,-0.26984101812337800
0.22864287197148000,-0.00014890081867988400,-0.23650486803300900
0.21954289843383700,-0.00014618998241158400,-0.37261964521015600
0.21092762806409700,-0.0001604100139105530,-0.2662775800074390
0.23762413168267200,-8.9234243452826E-05,-0.2642385060835520
0.22264488968289300,-0.00014008837636114900,-0.3418793584353860
0.22830598866638700,-8.41255297540545E-05,-0.32444801283207800
0.2222786277291900,-0.00011432353634133400,-0.28956450991941800
0.21463258007683800,-0.00017568966618329600,-0.22400274063259500
0.23530690927235900,-9.41857303888482E-05,-0.3301839213737530
0.23426146926070900,-0.0001458034434846250,-0.37104921591998700
0.23080896751672200,-0.00013501287974020500,-0.2632569073538130
0.22393679751062400,-0.00011535819866216700,-0.26896333088110400
0.219534635642855,-0.0001826004172879350,-0.2516340521665620
0.23392178195351700,-0.00014130913179691500,-0.22634755171631700
0.22248870074513600,-9.67611715303968E-05,-0.2852673975673300
0.24049678088002600,-8.77323404906E-05,-0.286702157140854
0.22535228364503600,-0.00012980721867091700,-0.3229497728314620
0.22338096576193900,-0.00013023850700364100,-0.26169807702443200
0.22809928046710600,-0.00012688456986755600,-0.2895867253248540
0.2314594230560460,-0.00018970720900742900,-0.4095122453743
0.22523784863081600,-0.00017383867270438200,-0.2865021257002400
0.22269931458575800,-0.00012669192543002500,-0.2349653769322320
0.22320820565948300,-8.26742825373488E-05,-0.40714392502791800
0.2299353868931490,-0.0001757426319927170,-0.30221196076068100
0.2267482514704030,-0.00010563356582638700,-0.3525992922191100
0.23284484538644000,-0.00011111822795236600,-0.3374811166092530
0.23334451073352400,-0.00012110513266470900,-0.2182521585276760
0.21462474971787200,-0.00016497105295681300,-0.22882654076871200
0.2150699055620560,-0.00016025705662683600,-0.19371532190350800
0.2162454488669790,-0.00019241359730987700,-0.24335219781824700
0.22707186096484700,-4.68410696300703E-05,-0.2648364696932170
0.22444509323120300,-0.00012486063153983600,-0.33454485674166300
0.23187196217301900,-0.0001269452487434240,-0.35918277823320000
0.22703436809566000,-0.0001504581241489810,-0.23494304501904500
0.21450046394149800,-8.77458023722413E-05,-0.19485455825463000
0.23449638625073500,-0.00012247067554193700,-0.369843188227273
0.2415715941219460,-0.00010333594590285800,-0.2860513443809070
0.22493564949009000,-0.00010280428283948000,-0.2796783831508020
0.2299586675915850,-0.00017093179692486200,-0.3496790406901950
0.2211820929887180,-0.00020572444626909600,-0.24805688491399100
0.2380788820596290,-0.00013724395831660500,-0.2530717600193210
0.22829225961043800,-0.0001246094787902450,-0.39804105482595200
0.21783571252475900,-0.0001503029248310580,-0.2982846205980020
0.21444538240865800,-0.00010098460898469600,-0.1764640823719750
0.22205511348133000,-0.00015266044394547300,-0.2817537440642850
0.22907021952922500,-7.65792585700097E-05,-0.34088150357002700
0.21497738873628500,-0.00011782103309455300,-0.10051184333403100
0.21703942469785500,-0.00014827241865152500,-0.22818598861464500
0.22809516085719800,-8.71205316940171E-05,-0.2809006243266040
0.2210672871601440,-0.00021324468896189400,-0.3073052930301780
0.2434822352495660,-0.00013533845906081500,-0.27067308201431900
0.22431584719131000,-0.00010662337037997800,-0.31470794872398100
0.22129593332359700,-0.00018539340552675300,-0.26367965803649600
0.2270112130462520,-0.0001634720044299090,-0.27061105082853100
0.21063008493333300,-5.58558489790819E-05,-0.20022379903657600
0.2357989911291750,-7.89632087159624E-05,-0.2891966834692850
0.23123653807309600,-0.00015248059957505800,-0.3932313499683900
0.2278324495771380,-0.00012089117971186200,-0.27183642770480400
0.2279996314494350,-0.00010197774634989100,-0.25010886144544600
0.22429239107668100,-0.00011647933442312700,-0.3320045471994350
0.2265447073682630,-0.00012003827895785600,-0.37911353349218200
0.2250837512801480,-0.0001428542867915860,-0.21043225279720100
0.21500151652662300,-8.4439381052271E-05,-0.4116784444120780
0.22569335962431600,-0.00018674423373294400,-0.2820163166959530
0.2202749865360990,-0.00014041742611044600,-0.3844880722271060
0.23600699682687800,-0.00019236277349310800,-0.29155141635321500
0.23023125301141900,-0.00016061005343427200,-0.27530955416462800
0.2275561397865140,-0.000136364447459483,-0.23890850272136200
0.21983345056837600,-0.00013476523107254000,-0.20939930134329700
0.20765823759336500,-0.00019417605742736000,-0.20149151772147300
0.23183947896088600,-0.00012141650808127700,-0.3181195735377600
0.2366509611013560,-0.00014626698441127100,-0.2580954368561180
0.22954530336350300,-0.00015828534322219100,-0.40014332171798700
0.22285704795921200,-0.0001146136227780650,-0.3313311470962720
0.21649382993211200,-9.06277958797757E-05,-0.22629627855676000
0.2339937089193300,-0.00014672024048162200,-0.29118088539108000
0.24045159764917300,-0.00010075565505305400,-0.3403675171830260
0.22308921558627000,-7.36983536736475E-05,-0.29436308864013200
0.24573515831637900,-0.0001481017046262100,-0.30417584287375300
0.22094502082253800,-0.00018546846963858500,-0.25577269965077800
0.2433962059571500,-0.00013026906822492500,-0.24135788227202000
0.22846684948339100,-0.00014029388807260300,-0.367429942904396
0.21092283171203300,-0.00016966007047503200,-0.26398720329527600
0.22174040954189700,-0.0001073371420079110,-0.23496077545228900
0.2145063217516660,-0.00017832929186175500,-0.30329711903401800
0.22763677948900800,-7.19664683834991E-05,-0.3036629045788690
0.2216667241285490,-0.0001217717477828210,-0.20965503510555900
0.21867443520735700,-0.0001642085204792800,-0.2245303307888190
0.22496454245044800,-0.00011264079061092800,-0.23880393096006300
0.22218678248716700,-0.0002105699049061100,-0.3242305846261230
0.2418176048857360,-0.00012278898006731300,-0.2924403819389120
0.22369438490042900,-0.0001186897619080620,-0.3788100358254010
0.22407089162959700,-0.00018817537643495400,-0.23465650085458600
0.22468086512239900,-0.00021645824819513600,-0.2627806690669270
0.23291395522066900,-0.00013543390596430000,-0.28186560173817000
0.23480943053164200,-0.00012366409290408800,-0.33536856501695100
0.21873244327731800,-0.00012812014739120900,-0.25384761330988100
0.22691109909512900,-0.00011854667484189200,-0.24505704091933800
0.22456008671546300,-0.0001541262050834540,-0.20895492495869300
0.23033142929717200,-0.00015883118015450200,-0.270203564963815
0.22184646973657900,-0.00012815745730821000,-0.38651687976853700
0.2250837512801480,-0.0001428542867915860,-0.21043225279720100
0.22959114100784900,-0.00011946964023562800,-0.3519849458880940
0.23248013276878900,-0.00018812418793406900,-0.20338524688607600
0.22874553482518100,-0.00015251209739929300,-0.2956829201175160
0.2215409321753320,-0.0001568266385440780,-0.2243962912841480
0.24006037171390500,-0.00013729663425944700,-0.30422558733656800
0.2250989066602260,-0.00014094813238883900,-0.2625006846128210
0.22747803966815000,-0.00016726818240898200,-0.2770742378318880
0.2396287908765630,-8.08590771369288E-05,-0.3752647317561320
0.2350986077757890,-0.00011011774112486300,-0.3030595162123090
0.23096068574012500,-0.00012895144585321000,-0.2728517121441480
0.22686818813948200,-0.00019855326579289300,-0.3520689338515280
0.22245184037562400,-8.89219376096203E-05,-0.25888852776323000
0.21874182699198400,-0.00011859575391040400,-0.2431658471554570
0.22878944530854200,-0.00017011798712453400,-0.33492258385869300
0.23730251131259200,-0.0001105499340505230,-0.35379957848589800
0.2271305718145530,-0.00010131766246227100,-0.3057223570679740
0.24419083223070800,-0.00012773014631915500,-0.30292536145346400
0.2382691040478010,-0.00017606684594184700,-0.17770644508285100
0.22498768718398000,-0.00013004294899245700,-0.24954739286028300
0.23371047991528100,-0.00014675619166273700,-0.35426304378093100
0.19987375561192700,-0.00017174205172189000,-0.25471813421182900
0.21746464356312400,-9.60719044784925E-05,-0.20763600166859600
0.2134028656603430,-0.00014833986676299200,-0.40785466353708600
0.2225845727197680,-9.04263087665765E-05,-0.31913487550093300
0.22654386455095300,-9.14951510671461E-05,-0.22656004180916200
0.21614742167836200,-0.00018128547007264700,-0.2137965243823130
0.2185215258063300,-0.00012203193221565100,-0.29152123208214100
0.22564971836273700,-0.00016439992810544600,-0.3025030705116680
0.23577900715357300,-0.00012210851226810300,-0.30080417333582500
0.22155811737914900,-0.0001265445099569490,-0.4208091430876580
0.22539296032455000,-0.00016043405230411900,-0.27893655828678
0.21617261857676400,-0.00015472075216718200,-0.2588562665704530
0.21376224291680900,-0.0001597365967678320,-0.2530663330407080
0.22676699932041400,-0.00014373260374542300,-0.3073446662546790
0.2148792087657360,-0.00011808419746624600,-0.24063063816178100
0.23203301558374100,-9.99856996462255E-05,-0.31184618018169700
0.2309116712357600,-0.0001375414274884380,-0.2895102053006910
0.2323543488979590,-0.00020087207986487200,-0.28965282446170900
0.22159359013387900,-0.00015903985098542500,-0.44564788534804300
0.22347188266227400,-0.0001390654322047220,-0.2431124892336440
0.22595520076345100,-9.13788292863044E-05,-0.3405293678434830
0.22680814029468100,-0.00011893317245152700,-0.22084892137772700
0.22410242093799100,-0.00013246560815000900,-0.3892631886686820
0.2315261372981520,-0.00016005576159371,-0.26648479096217300
0.22652156902296600,-0.00014248819371931200,-0.3118708311568930
0.22381980401732500,-7.2364008948162E-05,-0.2489631598408380
0.22609853407138100,-0.00017403892889055000,-0.28691495316308000
0.23029403810906800,-0.0001010914821067970,-0.3432158061869480
0.2259382866364560,-0.0001803266141480910,-0.23559105487866700
0.23692271574520700,-0.0001055016610247720,-0.33237029172711800
0.21355659068007200,-0.0001911357510010770,-0.2570895812275220
0.22054751132314800,-9.35152267435916E-05,-0.2773104638672650
0.21154892299558700,-0.00011404005447186600,-0.23620566556755700
0.22677252949416400,-0.00013578872731011900,-0.3165106008986640
0.2271005819241030,-0.00014336440045847500,-0.2957331573857640
0.21836389242664400,-0.0001031643290195970,-0.28847856300357700
0.23842475794151000,-0.00012025654185093000,-0.25789768528457100
0.2373682003671020,-0.00015153157578824100,-0.18830376181119200
0.21990347413464300,-0.00013481242172403400,-0.16493719212610400
0.22391718376694400,-0.0001671741988434480,-0.34406444817133800
0.21830722973229500,-0.0001722594619469460,-0.22179449845682200
0.2248641419654080,-0.0001277703909281880,-0.2801014502524250
0.22076131535922900,-0.00020029848996547200,-0.38919889401410600
0.20817539255727200,-0.0001383541282287010,-0.3819466474189650
0.22888498548421700,-0.00010957389398420600,-0.22044664946390400
0.2243372634064520,-0.00015289174422328700,-0.31133999957493300
0.2155439452625150,-0.00020245378733809400,-0.3718253223050090
0.23576368218014200,-0.00015859437865069900,-0.33471744960630300
0.23862917005334800,-0.0001389667931595540,-0.2813537180597050
0.22178014925397600,-0.00011613925976158400,-0.34174302471764800
0.22216227778570400,-0.00016113221657714700,-0.24499543820921200
0.22202100958553900,-0.00014654280373175100,-0.3093944317800070
0.22115213269683300,-0.00014150996964707900,-0.26502560953823100
0.22891651503816200,-8.46186147156832E-05,-0.2836365981113770
0.21047389669675100,-0.0001174570515490120,-0.309247626641645
0.22831443471988700,-0.00015393004166904600,-0.34097066160195
0.22213607918794100,-0.00019132148094184500,-0.29665436939270500
0.21879681068142300,-0.00017297746722383700,-0.3255528155429480
0.22459506055745900,-0.00017363858923861600,-0.349310772174115
0.22357879606566600,-9.81080433603313E-05,-0.24150265319160300
0.21650463534818800,-0.0001347747431366130,-0.44341559521207000
0.2324776161631710,-9.06380554880661E-05,-0.24373673984187400
0.22507063879555100,-0.00012720139036651400,-0.3752277594019750
0.23618601843092200,-8.63242453475088E-05,-0.3413707660345700
0.23278036607638100,-0.00012508316787394700,-0.3324221955371030
0.22388219354523800,-5.42693208347758E-05,-0.23731509717034800
0.2188122738812710,-0.00017793114385646500,-0.3720346467907010
0.22968919164231200,-0.00010554214367177900,-0.3514656304041910
0.2258496145232380,-0.00019113822264055300,-0.2886588875476990
0.2342499953463340,-0.00010378128857696200,-0.3154093767569510
0.2184605563602560,-0.00018789434299267200,-0.21422586722173600
0.2179285522676190,-0.00010386319393533700,-0.3161667062566180
0.21495240071314700,-0.00012545661520053600,-0.32253204571452700
0.22132376456723000,-0.00013001720607568000,-0.3308554303389330
0.2194728760348290,-0.0001476611585559280,-0.2744051788796950
0.22493747351367800,-7.15385297273232E-05,-0.24818697237974500
0.23232088256293800,-0.00013056130568763900,-0.3000084400647440
0.22373751499285600,-0.0001616898348452920,-0.29668068502448800
0.21791823672853400,-0.00014154698201433500,-0.2111916558887980
0.23395006303906900,-0.00018996190405562300,-0.2881977581565110
0.22733713351773000,-0.00013285091865955600,-0.2593071923233420
0.23046576789701800,-0.00010344706900192600,-0.26325095938057500
0.22635120053422200,-0.00015901007399688900,-0.33298171748912000
0.20642471497441900,-0.00011989093514523400,-0.20307223309538400
0.23855124401490000,-0.00013044351631959200,-0.1740430168826680
0.22590597936079400,-0.00019945494479293800,-0.416082516242565
0.21625566293780000,-0.0002353569697991440,-0.3937257392922000
0.2235728036887450,-0.00016682070127816000,-0.2938833244246730
0.2213641137251870,-0.00017964076148628700,-0.37203216390172600
0.22386614684206900,-0.0001236474515966630,-0.3341605717634430
0.22855734032778300,-9.38180662472487E-05,-0.2834491679644160
0.21234733446823300,-0.00014409047583103200,-0.23398007811771400
0.2237303269294250,-0.00017997941841796100,-0.30849894582798500
0.21806521561963600,-8.35661627777722E-05,-0.23227133998895400
0.20384962211826300,-0.000163166127028643,-0.2401578693025540
0.23410171306608000,-0.00016352103460979500,-0.34059899207007300
0.221166897656395,-0.0001742735009673090,-0.2894208609317000
0.21845233564237200,-0.00026596943933108300,-0.3193372449862070
0.21612605469585000,-9.51186827472964E-05,-0.28124689683944600
0.23861103241512600,-6.79258273474715E-05,-0.22517245889234900
0.2158103792474550,-0.0001603346918109710,-0.36111761605229100
0.2277663101774020,-0.00011662236670206400,-0.2512947317467560
0.22389828936405800,-0.00012938608274286800,-0.3286304144454510
0.22838625934128500,-0.00012063223201519800,-0.31824976518500800
0.21996116832814500,-0.00010296738122772700,-0.36771390740153200
0.2203594541553920,-0.00012551100756398500,-0.2995971634116480
0.22171697241179600,-0.0001532086977705940,-0.3444070100967500
0.22967046488706000,-0.00013740460269578800,-0.28860343814500200
0.22406585531619500,-0.0001575595509170200,-0.32977560227202100
0.22704853489084100,-0.0001468110761006690,-0.36698516893010800
0.22324213264871600,-0.00019398659579331800,-0.21898412883474100
0.22099388095929700,-9.81714952447505E-05,-0.3124682532551820
0.22189689862831100,-0.00015212678555716200,-0.37050246560303900
0.22020002082663100,-0.0001524935666591550,-0.29401839094696300
0.21747664661796600,-0.0001628069411384660,-0.301947635978957
0.22420814009927600,-9.96179995399607E-05,-0.3497079217606120
0.2306915070843440,-0.00011925373894018900,-0.27372011976804700
0.21974784971669400,-0.00016840938755480400,-0.24778761237660600
0.2168208621934180,-0.00012445248751835000,-0.22232138504744200
0.2297778056467730,-0.00021777205715443900,-0.31511582234203400
0.23437179037888500,-8.63378635456534E-05,-0.2241674531387070
0.22820481720307300,-0.00012236660646852700,-0.2681293074693240
0.23085103531861600,-0.00014039506111551100,-0.2977466065231000
0.21634145009136600,-0.00010090224994792700,-0.30441097777610000
0.23335639739189000,-0.00011991825265821600,-0.22499503595802800
0.22780665713180500,-0.00019277197947926400,-0.35269801034420000
0.22137544734338100,-0.00016544417149739800,-0.2919878226527550
0.21293102217196600,-0.00024995829614370900,-0.39310654243175700
0.22220537984697700,-0.00014203196117035900,-0.3483614347198970
0.22003759677981100,-0.000210514559367979,-0.32245852534853100
0.22527371581367100,-0.00013530754629027500,-0.20533299250615300
0.2196418668820230,-0.0001671617594312320,-0.3349477471982110
0.23215619492520100,-0.0001328310167793440,-0.2923028027534700
0.2122697940089300,-0.00012157256907382700,-0.22664311518299600
0.2103774456444810,-0.0002319805201128370,-0.3482457119884790
0.23293142964403300,-0.00013989089537997600,-0.2960343917435270
0.22759540973321700,-0.00018407477767482900,-0.25632304137710200
0.21828037274092800,-0.0002289332479841680,-0.32881741255307100
0.21732612490098000,-8.06521093055749E-05,-0.32622669185805100
0.23168997751352100,-0.00010718079394217700,-0.2584669732932700
0.20458894188151200,-0.00010193551163343800,-0.2409080098880350
0.2273390976056960,-0.0001490911959703090,-0.2745807042746640
0.22142708309232900,-0.0001522887612018900,-0.2117297006842300
0.2283768542413690,-0.00010649697707522700,-0.3882202401033090
0.21744917095925400,-6.43720905487882E-05,-0.41052348510162000
0.2269919104485680,-9.70554892625523E-05,-0.336410539761935
0.23236063124924600,-0.0001464636471843190,-0.29718935442510800
0.22526540637793300,-0.00016077410073483500,-0.2362406952027280
0.22839559974745200,-0.00015254098734215400,-0.2527057647555770
0.22777571507566800,-0.00017130503875814400,-0.37053115713620600
0.22965472230073700,-0.0001673710024792600,-0.2662237130741640
0.22465086514712000,-9.72873463228157E-05,-0.3165172886101
0.22811941921964100,-0.00015239587848506500,-0.36142192719174000
0.2264853180494650,-9.8683459346755E-05,-0.26246699312899700
0.21900028918694600,-0.00015841374857545000,-0.3287495532030400
0.23993029910952400,-0.0001652407504623600,-0.23470291753893700
0.24396615878392100,-0.0001288954521277830,-0.31652326649708600
0.23545768104669500,-0.00013164243602337200,-0.2177672517690420
0.22407401620782700,-0.00010629259357663400,-0.2688243398288370
0.23482636306166400,-0.00019655315763815100,-0.283673688968366
0.23088534567396500,-9.43812530314276E-05,-0.2612285803081970
0.22278303840679200,-0.00012896448383980500,-0.30211826419833100
0.23514353848379300,-0.00015877422672460400,-0.3572618479118590
0.2177994235662790,-9.49896263631991E-05,-0.25836195546086700
0.23539764937242100,-0.00013216904658819300,-0.18840275737328000
0.22879459840477200,-0.00017674481465018500,-0.2568049246722230
0.23191329123024200,-0.00018829676718890100,-0.2837491024040220
0.21281358717155000,-0.0002433108278480170,-0.3868751069747570
0.2122508480370260,-0.00013336564853968200,-0.319188804875837
0.2150977690968410,-0.0002331574310838030,-0.32867881635593200
0.24633547868866300,-0.00013511169301301900,-0.3084151737964210
0.21877300518915400,-0.00019398175912567300,-0.379333612842141
0.23816661165908800,-0.0001496665901494040,-0.30970155246127200
0.22171714963023800,-0.00010694629619605700,-0.257906012259325
0.22179418691447700,-0.0001301591897634660,-0.2980495971034820
0.23315706853967100,-0.00019423940907834300,-0.3657021697702670
0.222863694533622,-0.00018774595729938100,-0.20773198020448600
0.21833393015970100,-0.0001613128296349250,-0.3013192563785390
0.21503058075030300,-0.00011306022933974000,-0.34697585013192300
0.23570286853835000,-0.00011452527564979700,-0.25162812616334100
0.21048797267868500,-0.00010065475376446700,-0.27009329244478200
0.22091204997459500,-0.0001917558094767560,-0.29624205275587000
0.22259708398530300,-0.0001477708913101610,-0.21552581478604800
0.23176466802356900,-0.00014425868403414200,-0.36563741174716200
0.22027525024024500,-0.00011548566099666900,-0.3370414576196380
0.22005103058654600,-0.00016120773124935600,-0.33730714788914200
0.22212379666213800,-0.00014996802867334000,-0.3579173027289780
0.21611265950220000,-0.00012103644520326800,-0.2185671983469040
0.23751055280870300,-0.00010763501941447800,-0.19137418359540700
0.2305111714635390,-0.00022871761350790500,-0.3202897289412540
0.22787609322877300,-0.00012870464612675600,-0.23420834916916900
0.23449116460704300,-0.00011031834014674300,-0.40840759095115500
0.22508479378392500,-0.0001907274820825380,-0.40761390822463900
0.22545116411485700,-8.64880627386719E-05,-0.23903198579538100
0.2288862099893820,-0.0001816782668563060,-0.3685949017138100
0.23177394190367100,-0.00012072278913212300,-0.2231412506366990
0.24549571924823900,-0.00012956830147126300,-0.3130024222169540
0.22725344781301300,-0.00016988434486089200,-0.25891748128403900
0.22159134059316700,-0.0001135415591540470,-0.20506940644781500
0.22488025825612400,-0.00020804190180707900,-0.30164108537440800
0.23537725180304400,-0.00010391113573261300,-0.33480607386965000
0.22444455927741400,-0.00011333267561979200,-0.3442757208230120
0.2394250126412320,-0.00024182181217374600,-0.2525321626447810
0.20976614215755600,-0.00012731421663525700,-0.20351202434735900
0.23073516345982900,-0.0001614297622567170,-0.08635316875562120
0.2245968933183140,-0.00021288932868950400,-0.26752740778625500
0.22544189910213300,-0.00012337798689557800,-0.30446271887268200
0.220999939341575,-0.00021312104819482000,-0.30170081388127100
0.21623108578942700,-0.00012049327150411200,-0.3393836935176170
0.2156664478720880,-0.00015513818458682600,-0.27120017478746200
0.23397038452812900,-0.00011348592655945600,-0.3091350297486670
0.23307565764072500,-0.00014484573482499300,-0.3341595691005480
0.22755050814009400,-0.00014303585682110600,-0.2472593852992160
0.2293663717935380,-0.00010414559664069500,-0.2474370637588340
0.2260356681478830,-0.0001572564276561650,-0.2791974395163100
0.23684522847408700,-0.0002026982880461190,-0.3746391288076700
0.23729307692299600,-9.45065928680139E-05,-0.31831567006365800
0.21122810386297700,-0.00018746356416278100,-0.2931741583615510
0.22030511530239600,-8.23341866200535E-05,-0.3235059636415880
0.23534813646229100,-0.00014928895174591600,-0.34736943224307000
0.2162588008154390,-0.00013354079711881100,-0.3622768948614340
0.2226859458805030,-0.0001817586375538120,-0.2489311075556040
0.22885699503529900,-0.00015618848734156200,-0.24709945672768600
0.22743968012185500,-9.1749262301296E-05,-0.30005378979385200
0.2377327101339060,-0.00014048947572522100,-0.3577390697906350
0.2247455082902120,-0.0001330771635372120,-0.34216450469633300
0.22533690711255400,-0.00016061222262479100,-0.33157772958881000
0.22123154338086600,-0.00015047478624300800,-0.28106154112386800
0.23762327413112600,-0.0001015768323092930,-0.24799967196356500
0.2105857960721660,-0.0001726640450357090,-0.25717193605449500
0.22504753411058300,-0.00013029108738304700,-0.235490959886677
0.23364072285836900,-0.00011029713237281700,-0.3643686930009950
0.23287687174648400,-0.00017914413854255300,-0.3953462814029760
0.23076764999719100,-0.00010460512518783000,-0.2712499984099010
0.23169651057282000,-0.0001601879802578370,-0.31026052774229700
0.23167038866492300,-0.0001766845219354600,-0.23740071515391600
0.23492452904970300,-0.00013712783427592500,-0.3086686306524720
0.22568303431584400,-0.00017047554539819800,-0.23421795261480000
0.22157593144487800,-0.00012483820030942900,-0.1922765153091200
0.22962141933980200,-0.00019705393046225700,-0.3155899845678950
0.23235875028078100,-8.21858866113714E-05,-0.3230315709983520
0.22590427607507100,-0.00012666321664382000,-0.3372646908307470
0.23276985088299200,-0.00018001833463335900,-0.2907063121785150
0.22557709744393900,-0.00012486427186985900,-0.2990840397018330
0.23528588691024100,-0.00014358952053970800,-0.15046901989246900
0.23197467833813700,-0.00016796610040920700,-0.31919566865767600
0.22454601364017700,-0.00011597453230871400,-0.2366637928077600
0.2244926924359240,-0.00017269059633006200,-0.27160844662231500
0.21946032670438500,-0.0001600933025810990,-0.2870461601681840
0.2276874136559780,-0.00014179668885528800,-0.3293228974199420
0.22582076120979200,-0.00014956006274252600,-0.3302485382261650
0.2289154155039620,-0.00014296178499755500,-0.35397121742573600
0.2400210084100430,-5.22522790788519E-05,-0.1720259276819820
0.22550245052264700,-8.39418966385456E-05,-0.1787340143129850
0.2311618713897370,-9.45121670610067E-05,-0.24472045830362600
0.23334975224052900,-0.00015304227699684900,-0.30716346761092700
0.23426957729634500,-8.66987359225221E-05,-0.3262381071474260
0.2234078749130330,-0.00017540678646770700,-0.2709319284937760
0.2133508710947660,-9.60665559409208E-05,-0.3103453170468300
0.23269355049222700,-0.00012878446072320500,-0.3561753493518050
0.2245505287555420,-0.0001414117379639150,-0.381871750659562
0.22915269512751600,-0.00016259714123150000,-0.29395813435579600
0.21684661350276600,-5.38485322399793E-05,-0.2990061990894530
0.2347982314355850,-8.644384985036E-05,-0.3234824455698370
0.2470206760503290,-0.00011862931270067600,-0.4109463111568830
0.2226141159584840,-0.0001261016698322190,-0.32832575387013200
0.21607067355899900,-0.00011090860119858700,-0.35102217088826500
0.21528654460203700,-0.00016602008019369900,-0.25337359492803900
0.23847274355047400,-0.0001241228175460190,-0.2643100577860210
0.21871097794977000,-0.00016118627992041800,-0.270535810872932
0.2239554690548260,-0.00013774174960881800,-0.22902851048370100
0.23699386613464200,-0.00013839057980669200,-0.32096353553981100
0.23010141141027500,-0.00019425237077787100,-0.39644575913570100
0.22460505241069600,-0.00011215128117060900,-0.35164130730412500
0.2260588080419730,-0.00015006824921218900,-0.21951215494846400
0.2367800074868620,-0.0001270234428067430,-0.272106335889293
0.22244194863968300,-0.00011291622452518700,-0.33199262722526000
0.22223926924597500,-0.0001705267059119930,-0.23486542087809500
0.21823136813689200,-0.00016728061373282000,-0.27232771140725300
0.23225730103299500,-0.0001666097736454410,-0.24324407992895200
0.23671322202250000,-0.00012035573978919600,-0.27720114105001500
0.22568063135654700,-0.00011015488679249400,-0.34629899230002000
0.2342026816817060,-0.00019209401937535100,-0.3195725043298220
0.22382258015449500,-0.00015234648383625900,-0.25958316434025500
0.22378291142495000,-0.0001236230131756060,-0.14606643486296300
0.2381021887548560,-0.00016766537792236300,-0.3069207081029520
0.23891410531024200,-0.00011218569699609500,-0.2557148935860790
0.22524653793680000,-0.00020753251260710500,-0.3093727163700020
0.2289410575370510,-0.00016468200407942700,-0.27103750758907100
0.23557307176750700,-0.00015421157311260300,-0.351498020057163
0.23075934853700300,-0.00024126327527785,-0.3208887459122550
0.22862217374290000,-0.00012206912187882700,-0.39245313870091000
0.22688872860282400,-8.67481818443783E-05,-0.24570261171472100
0.22910353300953600,-0.0001201320876871760,-0.20816258912480500
0.22545062604227700,-0.00010285720061368800,-0.22072707134184600
0.23562006012278300,-0.00014994944226963600,-0.2996017363649440
0.22587348610804300,-0.00011558218167096600,-0.30084234933999400
0.22075736866003500,-0.00014758149436769600,-0.20426381709775100
0.21446112070299900,-0.00011471861987394000,-0.37127835542434800
0.23634719111519600,-0.00015324101981704200,-0.34372364884454900
0.2209971362802580,-0.00013733514965891500,-0.2967508693099310
0.2378028691729520,-0.00016955214527317200,-0.32642064827312900
0.213636367456999,-8.91324482602597E-05,-0.32964528072045400
0.2135069176150420,-0.0002047227442041380,-0.32732172088199900
0.2303179524159210,-0.00013843804011875000,-0.3967956659833340
0.22312519959733700,-9.63525755685054E-05,-0.3024783453377080
0.22388897570671100,-0.00014734594243405600,-0.25152993172828400
0.2217664533408110,-0.00014139717898312200,-0.2811971729316920
0.2406849741877160,-0.00014356149494532000,-0.2695624277214270
0.21571558745075400,-0.00013811392064266600,-0.2441294521727730
0.21764519581918900,-0.00013240127473569700,-0.2344174655949230
0.23166354413968600,-0.00015838947253610400,-0.2879509666621140
0.22325582028995300,-0.00023221505429853200,-0.42283366567874300
0.22691701169806400,-7.29035488532519E-05,-0.3143722972301330
0.22016851521683000,-0.0001935492035950420,-0.17871734446473200
0.21666537032325200,-0.00014185238042623100,-0.1670094181339530
0.2237569930092950,-0.00011485037320124000,-0.3130810887326530
0.21973252667451800,-0.0002081643338849810,-0.2519929125452650
0.23077510041434700,-0.00019025523627984200,-0.3391111099188100
0.22881550984374800,-0.00019076058412839500,-0.26021327560850200
0.23458775650800200,-0.00013111264286616000,-0.33244007727262900
0.226756430292888,-0.0001212988131078720,-0.3178962157539750
0.2286893805181150,-0.00018175930246491400,-0.39097087472771800
0.21933683800317300,-0.0001372264599332740,-0.2373429142954390
0.22387812428099900,-0.00013644558999834400,-0.0868317352977887
0.23057404785950500,-0.00011859564279230600,-0.26364119778606200
0.2314884165500350,-9.44810020631104E-05,-0.3023976260713450
0.22647001818207100,-0.00019500252214137400,-0.36667100244114900
0.2246994358438000,-0.0001793900337673810,-0.28244701860508200
0.23140843016695000,-0.00011325467106698200,-0.2857565039377420
0.22489485876976800,-0.0002169426934198470,-0.2830021367579910
0.22781239186899,-0.00014203651259710300,-0.35390082268321300
0.22365301208467800,-0.00011533698459521000,-0.2465864247924320
0.23255210895645300,-0.00013433295069830700,-0.3003395670515190
0.22999214815810200,-9.19259990659955E-05,-0.18072973090777900
0.23434301095019400,-0.00021637404031948900,-0.29631825237187700
0.21767865627502900,-7.42477234330278E-05,-0.3772763699463430
0.21992748857842500,-0.0001563758915481730,-0.13458355015771700
0.21138683786832700,-0.00010476796865126100,-0.3880622659201500
0.2355196840120020,-0.00014841018538731000,-0.3089892157286360
0.21946575251712700,-0.0001658201027164950,-0.3995796169872720
0.22784100284568700,-0.0001450849802411440,-0.24313294313497900
0.220790947196926,-0.00010679676035573100,-0.3331329531392670
0.2209003128715210,-0.00019987209993602700,-0.3421260955223900
0.23018676742676000,-0.00017417631554255600,-0.33403971007649700
0.2125391514213230,-0.00011153731938100300,-0.2526815993397920
0.22817105170326100,-0.00017764769343491100,-0.2610502401579980
0.21606998634895900,-0.00012957029159566200,-0.27569060985528900
0.23321535056804600,-0.0001924480550613080,-0.3305018282472550
0.22430525114726900,-0.00015328565418683600,-0.2671252143311900
0.22238955171427500,-8.87649695377957E-05,-0.22974219259003700
0.23011995488920900,-0.0001045913926614370,-0.28740154458744700
0.21626499967439800,-0.00014724004275946200,-0.4460663261293990
0.2293305447618550,-0.00013526596179335000,-0.31016905402667600
0.21739121713594100,-0.00019374082283383700,-0.20507737927826800
0.2220653037360890,-0.00012902485251012100,-0.2680717404097560
0.22728450837340000,-0.00014044546399444900,-0.3080913530575780
0.22197838969464900,-0.00024662500969734100,-0.33174004477698000
0.22773506946494100,-0.0001410547285158860,-0.29681398458497700
0.22267715870896100,-0.00014624608391787600,-0.30589600104670700
0.2297341055823620,-0.00015272856158028800,-0.3360511953370690
0.21595714709558600,-0.00016280341812964800,-0.32999699183528600
0.22707005908237500,-0.00017658025465166600,-0.37443377380752700
0.22857412176720400,-0.00015467577865114000,-0.31161299884142700
0.2231273505840870,-0.00013338759600096100,-0.07479004920427930
0.24275023061870600,-9.02242021776373E-05,-0.3530780406714400
0.23255336933883800,-9.37666138143354E-05,-0.25423189865939500
0.23395254161044800,-0.00017090942950422400,-0.4254210574210550
0.23053422956733800,-0.0001490043939651880,-0.30332891505933800
0.24083279923316100,-0.0001128205798040860,-0.28551470395731500
0.22068258433826500,-0.00019470263947751000,-0.3450029779958640
0.22036079040123100,-0.0001399643200036600,-0.35574840145276200
0.22878987194561600,-0.00014031179189207000,-0.15896392823659800
0.22931917566119700,-0.0002162563438148540,-0.27468338205324700
0.22748917257017700,-0.00010545900487470000,-0.2171791951805240
0.2290406620397160,-0.0001669835318319330,-0.27087695652090000
0.2159123547796710,-7.20829030087579E-05,-0.31172915313972400
0.20559229538535200,-0.00023397023662979200,-0.32001612042229900
0.2312111424346830,-6.99304099393748E-05,-0.3561414917165020
0.2313103360708280,-0.00011594875468983300,-0.2434898263692610
0.2201524382211350,-0.00014885951448412300,-0.3547866714376900
0.2246319556152840,-9.01979100745965E-05,-0.14729251726893800
0.2210145239405800,-0.00015893166349333900,-0.3349284526156610
0.2348633676714960,-0.00015195679483797800,-0.3516848942091770
0.23586720824830300,-0.00018820859746161000,-0.36895266020822000
0.2088769253821970,-0.0001391147316685750,-0.3421528840319450
0.22877779704341700,-0.00011377439957411400,-0.16749237460302400
0.23496257222710600,-0.00016454025641890900,-0.2453904496130490
0.23738522201138900,-0.00019150598638114200,-0.30775422726970100
0.23166645019098900,-0.00015711554316459500,-0.32476519156235000
0.22221710550825300,-0.00011002013683093700,-0.24013072872452200
0.22938415390056200,-6.74167631390765E-05,-0.2107534193294610
0.21947666080994700,-0.0001420658820562180,-0.3377952068665140
0.22726073436003500,-0.00013430433639621000,-0.3242478541077860
0.22439676594372000,-0.00017204258015565100,-0.2237016942401550
0.21513130168856000,-0.0001335382629047240,-0.24195177923168900
0.23026398690808500,-0.00016562626643326000,-0.2574076845325770
0.21985413060773800,-0.00021087580786331400,-0.3208895843868430
0.2241078455392700,-0.00015286425694407400,-0.2799994827800010
0.2339811072832500,-0.0001747956275823810,-0.2582196886065380
0.22787477779598100,-0.0001315569386450890,-0.3445348384885710
0.2174979456413400,-0.00017216897950090400,-0.3610214141782910
0.22516181814685900,-0.00016789341876761100,-0.35348299612426200
0.21752608522475400,-8.79293116994702E-05,-0.30537053301400200
0.2251616330142340,-0.0001398721566447750,-0.1857506750290800
0.23795353993127500,-0.00012122988323360200,-0.3588304217386660
0.2197011449880160,-0.00010398114175045700,-0.26978977457859300
0.23395254161044800,-0.00017090942950422400,-0.4254210574210550
0.23665015955017400,-9.84125323519102E-05,-0.2576236490153050
0.24427001086065200,-0.00013398071533000900,-0.27581356646731200
0.22265945875419800,-0.00022593442472538400,-0.3425480316579580
0.22577372461966600,-0.00011224632869552500,-0.2240364662013720
0.2168246657254020,-0.00018320988888306700,-0.26050355513909300
0.22946572200390000,-0.00018295877526295900,-0.2889332335469490
0.22934669375147800,-0.0001404460094644610,-0.3050494797221350
0.2373408449798880,-0.0001636107272549650,-0.23362395482526300
0.22586136432412400,-0.00013971025747848200,-0.3424452243234540
0.20547679278819900,-0.00018865227672854500,-0.30739726535923000
0.23023935312833400,-8.5310691076565E-05,-0.28184575359387000
0.22831259831612700,-8.91660329214618E-05,-0.22791470027280400
0.2235028663539260,-0.0001658794102846750,-0.4242636422609600
0.22605680214652700,-7.39759789903273E-05,-0.12368755701177500
0.23445069632544900,-0.00012541446907122200,-0.3590147157136030
0.22839444928267900,-0.00015730174588759000,-0.3664779488066050
0.22559614364907000,-0.0001531140064239710,-0.2506330893162360
0.2161744319146110,-0.00013925660197004900,-0.310404315680099
0.2257449343825770,-0.00015099824375908800,-0.2215245390868970
0.22513237616388200,-0.00014592583114174100,-0.2593001734541470
0.22940587715050300,-0.00018314044364479800,-0.28551150740517400
0.23375577056236700,-0.00016712638775181400,-0.2988639037120440
0.21808028539688100,-0.00016828241895397800,-0.2533147568111240
0.23428307790554400,-0.00015971559777271900,-0.272550754521084
0.22085051813479200,-0.000126095529705252,-0.3230604970036430
0.2208976457228340,-0.00011589710667959800,-0.3299524721255200
0.22626444074676400,-0.00013721295957948600,-0.1638565598573670
0.22048863405702400,-0.0001518344549469530,-0.3001008129504410
0.22709361604159100,-0.00017000071579834500,-0.25933799772148100
0.21713159209206500,-0.00014312018386888900,-0.2762469173487410
0.2197258177271950,-0.0001368918784428430,-0.20900743819546000
0.23446816592015,-0.00012681887514519300,-0.324321301397982
0.22570188763936000,-0.0001589507249479570,-0.38310748737343300
0.23236422489939700,-0.00019734668461503200,-0.41993540099460100
0.22438190593881100,-0.00016943157232291100,-0.33266971428233100
0.2150573498843520,-8.76181906281691E-05,-0.3063592464601210
0.22601964514409100,-0.00013479105998838800,-0.17305581896270700
0.23741900300880400,-0.00015483142490711100,-0.28093013700977600
0.21907260620601800,-0.00011289124518468100,-0.24442841466545400
0.23332000400877400,-0.00012066883987870900,-0.2589059560089290
0.23382023343137600,-0.00010541265312464400,-0.2926458099732780
0.24250672188942100,-0.0001486910354882970,-0.3294382195842930
0.22827077711877600,-0.0002280839013520650,-0.3969602846404720
0.23189275719297600,-0.00012656580771238000,-0.27167899429927600
0.21896019742477500,-0.00021310125146772900,-0.30208605181082500
0.23303229749521300,-0.00022018683859712100,-0.3105545424934350
0.21879584730586000,-0.00018119241212276300,-0.29430639123627800
0.22197749183445900,-0.00015795851061842800,-0.2285550886221380
0.23503051206565100,-9.35259536154357E-05,-0.2489489408597440
0.21822136550155700,-0.000152951991192096,-0.3907683461131740
0.23058236097092400,-0.00010886101243280000,-0.31977240477113900
0.22598011033976300,-0.00010064462003186800,-0.21850419272670500
0.2158271578393410,-0.00014586223436790000,-0.34533024190562800
0.2288251613015280,-0.0001145296203187730,-0.16881816524170900
0.23842256271444900,-0.00010633931254039800,-0.36321270243915700
0.21996645585878700,-0.00017286205834544700,-0.21985502104929000
0.2180040758713850,-0.00016700660528543500,-0.2812822633409490
0.22134697272959400,-0.0001197704357020690,-0.30905634945227
0.2204710724995420,-0.00016912653846226200,-0.3503861720595790
0.20874417357782100,-0.00023604180526579800,-0.26755588467155400
0.23361599503304300,-0.00014421181149580900,-0.3994735575192530
0.23919726700930800,-0.00015427455129705300,-0.3830016950937140
0.21107446414089300,-0.00018482517678259100,-0.25779144601600700
0.23200661793609500,-0.00015098699411831500,-0.26606860498091600
0.21540591926613400,-0.00018927386088808600,-0.24648071901619000
0.21944163540061900,-0.00016025248997936700,-0.34369508388171000
0.22515207876158400,-0.0001230814851590530,-0.18466793056668300
0.2186037339523410,-0.00019826110600466400,-0.3227902088486320
0.22372901807590300,-0.00019274053487718600,-0.21620862665159400
0.22330411273768100,-0.0001329759378486760,-0.27196986459812200
0.22563459022459100,-6.53236070696742E-05,-0.20243803896666100
0.23782946630905000,-0.00012716319602387100,-0.39622416354220200
0.22359156380786200,-0.00017622077321832200,-0.3899172853792540
0.2323456654248870,-0.00013518233795035600,-0.3142168022167610
0.2286610409042570,-0.00011653083670643500,-0.35805906082720900
0.21219622277825500,-0.00012400327697092200,-0.22169625530278300
0.22872569863246600,-0.00011880070761990800,-0.21935891753879500
0.2519989765510180,-0.0001779723532737360,-0.35111839530266900
0.21768744609940600,-8.37685082641987E-05,-0.21798741437241700
0.21965128570878600,-0.00015324362889337500,-0.1390323925660020
0.22044431377823600,-6.09738891376324E-05,-0.22681496339240600
0.24114924094039400,-0.00010250791482963800,-0.2800316079201890
0.2240191078564280,-0.00021468467414466700,-0.35062539377416800
0.22069969796448700,-0.00011368240326678800,-0.13324674434412600
0.2241279899726940,-0.00020010873176083600,-0.36348493342203300
0.22786502097107900,-0.000204271859844691,-0.2994493436151660
0.2243098065410120,-0.0001825203820735100,-0.4235954212594250
0.21772113650528000,-0.00012910349224302300,-0.2580523159622900
0.24631757130316300,-9.87524229742646E-05,-0.27327963846280500
0.221942960137004,-0.00014447639733272900,-0.3815259145893630
0.2358815068672500,-8.1956914787453E-05,-0.35562024309621100
0.21605392622596200,-0.0001634484878414190,-0.25776442805461600
0.21632194175608600,-0.00016668498348026500,-0.31490174615765700
0.22759696271319600,-0.00013803685885373200,-0.2958070456570850
0.22727588864689200,-0.00012919472242717600,-0.33699376939808200
0.21629313622312400,-0.00015759380695003600,-0.2253907321835720
0.2184849168332770,-0.00015527750063116600,-0.2869515640263450
0.2272352703480240,-8.08490622233543E-05,-0.33958560445532
0.2316430395920920,-0.0001350211692636820,-0.41019521266095700
0.22928786576500400,-0.0001763043583030010,-0.30737134838358600
0.23452785241078300,-0.0001383455888958050,-0.4033956434943930
0.22200437540823500,-0.00015698610289004600,-0.2855733205020330
0.21368397973990200,-0.00017768948825890500,-0.23325727452008900
0.23873004868165800,-0.00016449411944030200,-0.20057437525071100
0.21635294320557200,-0.00017160674257680800,-0.29750618785318200
0.2212515436192440,-0.00015965965985771700,-0.2765591693278180
0.23031064605486700,-9.75422590632738E-05,-0.2600658402564430
0.21986640383935100,-0.0001937996391805030,-0.3215791502950950
0.2277612084281110,-0.0001348761785760150,-0.25019704874883800
0.21629040567317500,-0.00011731816626406000,-0.39000572878353900
0.2259309357858870,-8.29174526094489E-05,-0.26169434759070300
0.23865826446104900,-0.00012438167313746500,-0.3842135630246580
0.23626667429938000,-0.0001207028146137620,-0.38617752459679000
0.20923794394380200,-0.00016074825936871900,-0.3045349088207900
0.22808373607921500,-5.91745169068483E-05,-0.2474146079929370
0.21808212387004900,-0.0001382276367227280,-0.18355455020093000
0.22109813464551300,-0.0001176058811776520,-0.1697108808462390
0.24241122774009100,-0.00014289918476043100,-0.33495916141153600
0.217681733888788,-0.00010197933108834000,-0.20899737381156000
0.23414706783307000,-0.00013916519053633800,-0.24315816353275400
0.22455528924008400,-0.00010721327818874400,-0.34907367437460800
0.2370666136924530,-9.3508737186287E-05,-0.2301055247138580
0.23811628039680000,-0.00014807255069535900,-0.3498039923814540
0.22113124994764000,-0.00010666968101258000,-0.14970144573687000
0.20964663884507500,-0.0001967110104223650,-0.37022772205801300
0.22678624283092800,-0.00015675955248654100,-0.2941741788436180
0.22704568907693000,-0.0001846610713226060,-0.44904518203940700
0.21772113650528000,-0.00012910349224302300,-0.2580523159622900
0.23109313314827500,-0.00011563540910979700,-0.2875319955796840
0.221056996468076,-0.00016161084452133300,-0.3761416729149540
0.22961004612294800,-0.00017865857930406500,-0.4104706148740670
0.2266359569208420,-0.00019693180947400400,-0.2894526511760550
0.2230750415398860,-0.00017843621146136200,-0.3336373896666810
0.2244454175168890,-0.00013749823822904100,-0.34308113654247800
0.23129351256727800,-0.00014110726937319300,-0.3956763873367100
0.2166549263205930,-0.00015705640977191600,-0.24203897844674700
0.20901534302614600,-0.00015001419976078500,-0.28279748400288300
0.221041612415884,-5.63965185811436E-05,-0.2991001532107930
0.22655432811229800,-0.0001473540851797890,-0.33374498302322900
0.23661710991439200,-0.00014962469363729800,-0.33414379755138800
0.23063744026810100,-0.00014462606051092000,-0.33098430992194700
0.22296130271964000,-0.0001870216663344970,-0.27707826464346300
0.21914248485757900,-0.00016346746159114200,-0.22625515491035700
0.22698671463967000,-0.0001408278757780450,-0.2278751575612280
0.21795005079871000,-0.00018299878153046500,-0.2957851560373860
0.22828094522496500,-0.00010801356897548400,-0.23084979771672000
0.24806145005096400,-0.0001174242034396820,-0.4229031930475190
0.23008199341893400,-0.00018718852659495100,-0.43020165041022200
0.22695930713674100,-0.00011141966309565400,-0.1470876585131390
0.2116148762756090,-0.00015741465680509600,-0.4521852774071690
0.23277263406796600,-0.0001364592365563780,-0.26765241203597300
0.22236738350975800,-7.70167272460963E-05,-0.22857599269515600
0.23796866861231700,-0.00016547573446349300,-0.3578477267612260
0.22337234195998400,-0.00020092902075881100,-0.2544639218938250
0.22738836277779600,-0.00014451733887084800,-0.32512146932750500
0.220127298616573,-0.00012804817653539400,-0.2904957923626570
0.22897757205533600,-0.00010244944000951400,-0.14619188283770900
0.24302787482063500,-7.44712311059379E-05,-0.32078200221403900
0.22069991497705200,-0.00010054688566113700,-0.21844865119958300
0.24459904868909300,-0.0001891519658311320,-0.2503790778441300
0.22742402488233600,-0.0001084632380359350,-0.3231671117120780
0.23632630414034300,-8.67595531297063E-05,-0.2610018669248540
0.2441769105009010,-0.00011501111511146600,-0.21016200900361200
0.23102961719713200,-0.00010637787636219200,-0.20677353980512000
0.2223008005348780,-0.00015225133052543600,-0.3642541809815550
0.23503922435093200,-0.00020034294356309900,-0.3808877894704940
0.22129697511423600,-0.00014636680050503300,-0.3617030099744160
0.21853720878874900,-9.60779180122647E-05,-0.26697899468143900
0.23616904854803100,-0.00013850268330016700,-0.4079548073709880
0.21368683185240600,-0.0001410823220840830,-0.3356374290648220
0.22975871698778800,-0.00017401385557173600,-0.3751336446577430
0.2347018968119450,-0.00024558132548600300,-0.37846799298266100
0.23341546475564800,-0.00018903747367221800,-0.2808978958995230
0.22789094802814600,-0.00016129162482167700,-0.331506197249849
0.23421936000570400,-0.00014043883720755300,-0.25121703785896500
0.21662734934201500,-0.00015133418357112000,-0.20039612627466300
0.2183077331876000,-0.00013685074697162600,-0.23112063276182600
0.21764278245478000,-0.0001402988327407860,-0.4007059722551250
0.23018665211244200,-0.00015355300593897600,-0.23335868057992400
0.23351330214370900,-0.00014312472637017000,-0.3154675517055700
0.24272033449415500,-0.0001792703724239030,-0.3129002594322410
0.2244460913885600,-0.00019979605638957200,-0.2514275648440730
0.22708490141133400,-0.00014886498167385100,-0.21659118625298500
0.2418181320535040,-0.00014509722303608100,-0.16186624349364900
0.22551753595936300,-0.00019406850784291,-0.33190881156325400
0.22751970818486700,-9.08513573262192E-05,-0.18916661914275000
0.22430386527038600,-0.00010916704373262700,-0.18596651440798800
0.23961423730950300,-0.00020184993382754500,-0.42420629187728700
0.22542491097871400,-0.00010613122532758800,-0.19441487715097300
0.21586457418066400,-0.00014095931214636700,-0.30780858334460300
0.22144605396619400,-0.00011863909630014900,-0.235622445016342
0.2232289947284270,-8.18489136540275E-05,-0.240807389365654
0.23865796630150200,-0.00011811999453140200,-0.32892470948797600
0.22925138225800500,-0.00020166810117914700,-0.2890915517615590
0.2201456467808490,-0.0001277311268338760,-0.338279817612678
0.21959636506688800,-0.00016874652969061700,-0.33156138914382700
0.22786354983513000,-0.00014381345345937400,-0.1934533038331690
0.22707782267976500,-9.95664574505145E-05,-0.3725547074516440
0.22004390616534100,-0.00010140072822476600,-0.3808221993218760
0.23846415785990200,-0.00018212256660605300,-0.2934765363331430
0.22751827056699200,-0.00010356590291945100,-0.30480127178222600
0.2309295106069340,-0.00012951045919908800,-0.2901229363565170
0.23405821840890900,-0.00010984209761117600,-0.21688470330394500
0.22569331426331600,-0.00012916275822672300,-0.24687794779606000
0.24145602110781300,-0.00013788831123358700,-0.3076325398848890
0.22883238123987800,-0.00019604949049011000,-0.37194890847894700
0.23140333445714300,-0.00010654061299631600,-0.3116039823016600
0.22688259806457500,-0.00013207232444610200,-0.25638360202517100
0.2360157969930910,-0.00010335977644039700,-0.3199850532139520
0.21889845301284200,-0.00014769411269815500,-0.29217761269246200
0.21553497690270100,-0.00013670889491786800,-0.3746573630672450
0.2135616971183090,-0.00012681525239437900,-0.2878649116560150
0.22073474787247,-0.00016522547740646800,-0.29209965703236300
0.22778955292242400,-0.0001959623550409060,-0.34490728286422800
0.2322402709829570,-0.00014871536648334600,-0.273295480108239
0.2307420049598860,-0.00016035002367066200,-0.2368261632559870
0.215237411977857,-0.0001471944856886940,-0.21959633249207500
0.21728525484350000,-0.00014431975214377900,-0.31460905212346900
0.23014083708897600,-0.00014270192050988900,-0.24109446755302300
0.24176069454082300,-0.00015741770975798200,-0.3704514271166710
0.236056167357563,-0.00014571529760061500,-0.31602461884795500
0.22744092410308200,-0.00012166894997115400,-0.16778846012380100
0.22626448658673200,-0.000150977694351254,-0.21453661924902500
0.22681092203384900,-0.00011484884414900500,-0.25478564509882500
0.21578679991401100,-0.0001558981368969620,-0.28643085671814000
0.2212382311615530,-0.0001071333186143880,-0.15816268851079800
0.2276673705838190,-0.00012416481795665900,-0.26114075637310300
0.22841501307163300,-0.00013003747233814000,-0.30082529791078300
0.22676190585365200,-0.00010920936265701800,-0.2354433395692980
0.2243049391439230,-0.00013843577858195400,-0.2701589657578210
0.21592983715512100,-0.00012733076317140800,-0.2407819801239410
0.2123926544093720,-0.0001253287232569540,-0.34620084764243300
0.23608675428788,-5.21505939559278E-05,-0.1856617275764440
0.2336595005889,-0.00021392351061995000,-0.35396030680613200
0.22078174788131500,-0.00013289792098584300,-0.26202812525826400
0.22026447847396000,-0.00015818624250604700,-0.31418705292390800
0.22779199152868400,-0.00016846190259866200,-0.1802335640026730
0.23182749999122400,-9.71044675392823E-05,-0.35827275567029900
0.22352570877040700,-0.00013341524865456500,-0.3081407098012470
0.23747956924647600,-0.00012468461170601800,-0.2746878468257880
0.2245677795463500,-7.65208704986834E-05,-0.3073586348125030
0.23326998039086000,-8.2181645622423E-05,-0.37291512142518300
0.23209042513054200,-0.0001041961835441760,-0.2505832298172400
0.22333901870932500,-0.00015583204335867400,-0.32764490588401500
0.23606611305990100,-0.000150898957865977,-0.22266495229919500
0.22874638242149800,-0.0001539979333360830,-0.3543461432895550
0.22671563529766900,-9.81915604834988E-05,-0.25318748412815200
0.21915429338884700,-7.0388710791245E-05,-0.1996977442361270
0.23765778697167800,-0.00012149875644346500,-0.26756764112937300
0.22034238936853700,-0.00014446534935356400,-0.2374859137865050
0.22381596648398200,-0.00010553849716816900,-0.34867003935058000
0.21528874376209800,-0.00013431426140541000,-0.34144887657225900
0.22553830891985100,-0.00017277501261583700,-0.3216414969931670
0.2215519079171620,-0.00015081148032290400,-0.323735788862907
0.22942500346006300,-0.00014079357341922700,-0.27491189992792000
0.2336024726387520,-0.00015980536117400900,-0.3430043112830920
0.22090115175515900,-0.0001701978659709060,-0.259486906031138
0.22413916633672000,-0.0001591314613216120,-0.36001803180556800
0.2365117903600140,-0.00015148982667032900,-0.304420796695015
0.23433620172685500,-0.0001588804854965740,-0.4231728697095160
0.23700366525157900,-0.00012210869476377800,-0.33692163997819100
0.2257415823026670,-8.67954570416306E-05,-0.17211719794603500
0.2193158425917080,-0.00015046877108351500,-0.22984144174026800
0.22080710734607500,-0.00011443978069383300,-0.14624892115512000
0.217439851723138,-0.00017884362069185900,-0.2509161409652480
0.21368138100944300,-0.00011108414852523400,-0.13038816529103900
0.22431928533912500,-0.0001633550387864530,-0.34311515646634500
0.2421684944162170,-0.00016155708211063900,-0.31434322229944500
0.22561819275426200,-6.39480527784217E-05,-0.2552461636990980
0.22797682247076900,-0.00013618712007200400,-0.19761497057877000
0.23890441353236600,-0.00015304048693789100,-0.1978491502962510
0.21699741007892400,-0.00013273333539668000,-0.24709445148808000
0.22412111519918000,-0.00012342530842046800,-0.3220712315498030
0.23205307752997400,-0.0001835386959767160,-0.3301710144571120
0.21794056776368700,-0.00010720091906088200,-0.24933667118497000
0.21647280261907900,-0.0001780998248871830,-0.3949301530675930
0.22832594494228600,-0.000211830307533592,-0.18123838731892400
0.24166502899197700,-0.00010677421879703200,-0.3853172343413220
0.23071514778182200,-0.00012411602247839000,-0.3772738533303480
0.24152696330287100,-0.00010585257035666900,-0.27585920812026700
0.2366164596746710,-0.00011522232453197200,-0.21822938740211100
0.23554221983837900,-8.64612250283685E-05,-0.39582566250136000
0.22782116798803500,-0.00012167438256887400,-0.24085501639259300
0.22786445761434800,-0.0001801421909764680,-0.36402064433063800
0.24235227965125800,-0.00018299206646360000,-0.2793059076141470
0.22661812314112200,-0.00014429620338338300,-0.33551314837006100
0.23020619092823300,-0.00010403882095576700,-0.28468731836705600
0.2259415008826370,-9.54215236895219E-05,-0.15995639369985300
0.24242738744430400,-0.00010268357916611800,-0.2285972127797120
0.2237835111018140,-0.0001689064348064250,-0.23716566051087400
0.22748837874513200,-9.74052605114787E-05,-0.3517762759340250
0.22020509519886300,-0.00011216098897570800,-0.3215239249698960
0.22588221948920700,-0.00017692127943752800,-0.32228576110076
0.22841080559137500,-0.0001621004913562500,-0.23969995717647700
0.22434859542237300,-0.00011485281997504300,-0.33224265091684200
0.23347009397060900,-0.0001451607925257830,-0.21819715411264100
0.21819511499714000,-0.00012543864545670800,-0.24727075705393900
0.2253589575741650,-0.0001552457464067050,-0.4057687769700840
0.2369725220604000,-0.0001077383075321740,-0.24866157382206900
0.23579137711581400,-0.00014182756621999900,-0.3795995834403180
0.23131350541432700,-0.00014539506742408700,-0.3759909511946880
0.224641514052381,-9.48476847418826E-05,-0.204826957845546
0.22729625846824300,-0.0001736319919511410,-0.28284334850857900
0.22658287182825300,-0.00010599862913611600,-0.21457617820098300
0.21585795185152600,-0.00019760177723941900,-0.266094869049763
0.21613780542215800,-0.00015871630662280900,-0.32445122724194600
0.2233574962441800,-0.00016105410772848900,-0.22293027021912300
0.23384134290640000,-7.3829590753504E-05,-0.24394971951970100
0.2234519760621610,-8.27269303204332E-05,-0.2602977484152040
0.2317456839708880,-0.0001548605629822300,-0.22723042188378800
0.22500918369629500,-0.00013932717152009100,-0.19790621749610900
0.21366503699003200,-0.0001464057795957870,-0.23305979592894400
0.22146447451713200,-0.0001244918979168130,-0.30875850436048500
0.23723438003958400,-0.00016842795216906000,-0.30636939699408300
0.2145748396557340,-0.00010220087670645800,-0.2586731043681740
0.2335152373314460,-0.00013849642246764300,-0.3257632196517650
0.23081045537239200,-0.00016840783637886600,-0.18827226231260400
0.2401216992564860,-9.91056117361095E-05,-0.3948331314277920
0.2248293056744290,-0.00013645526127671800,-0.37662672162249900
0.22990636186344100,-5.93076436390715E-05,-0.23146378161497500
0.24356497946931600,-0.00014466086357064100,-0.31406732309873100
0.22678872016269900,-0.00010090744862195800,-0.3368441426590370
0.2242275569028720,-7.39444279182997E-05,-0.1686073559943420
0.22543041139429000,-0.00020623149841812300,-0.3693745509609950
0.23625475295358000,-0.00015452677807955700,-0.2913547166948960
0.2289932041247420,-0.0001523218701172950,-0.2819315196039820
0.24107577559974100,-0.0001407791317162640,-0.2743485122244950
0.22043549058905800,-0.00019231172563785500,-0.39359351697927500
0.231404447788101,-0.00011120758776414800,-0.26679993379977200
0.23658773877522600,-0.00018427430939525300,-0.24005828042915200
0.2353666876123360,-0.00010318761702997400,-0.3989185511051740
0.2170480366314700,-6.96091449174912E-05,-0.2978914839863230
0.22689278156937600,-0.00018158690735056600,-0.281572504191952
0.23535358979736400,-0.00012447122093566800,-0.24544494317527000
0.2240864932802150,-0.0001322521909612390,-0.3232335169127690
0.2177167611983340,-0.00013501033840842700,-0.13148758332083100
0.2194861282595970,-0.00014816858934351100,-0.22518401028562700
0.24460746144867500,-0.00010444899726571200,-0.22706115195370400
0.23201820360761700,-0.0001323280781445640,-0.2600779944164560
0.22715730740899500,-0.00012093919718328500,-0.2602767938649790
0.22327888693345900,-0.00017415317779016200,-0.3094573643217470
0.22286490853343600,-9.020842385377E-05,-0.2670511272823190
0.21521698315120100,-0.00015901364391860800,-0.3553155335955760
0.2244538993862040,-9.78523607199124E-05,-0.2703333633237940
0.22722065836293600,-0.00015001506167783400,-0.3480900151714100
0.2200055917503090,-0.00012686101628673600,-0.3735789425531610
0.22462081482269500,-0.00017538410982834100,-0.16157251719920200
0.2374030103445080,-8.4158880259189E-05,-0.2478480798548420
0.22065505399933400,-7.35574729221943E-05,-0.2676132660043650
0.228411003136647,-0.0001861356436295470,-0.23302833429447200
0.21915094370213500,-0.00019411745727263800,-0.1954810930561220
0.2179443282571810,-0.00013991776353606300,-0.32168194590297900
0.21741894799572100,-0.00011357839310639800,-0.14449664294516700
0.23184032102124100,-0.00012340440742033,-0.3228504031066350
0.21835257387702600,-9.75357678682188E-05,-0.22564514723446600
0.2298756892416880,-0.00014701377110295900,-0.29441183681227000
0.22887960719469600,-0.000176883127777016,-0.22166557405711900
0.23406909457801900,-0.00011898948046286000,-0.33052374675118500
0.22223871675836800,-0.0001564248723133120,-0.37504202175907100
0.22660742154884300,-9.34459522924897E-05,-0.30996613552653200
0.2278608881796940,-0.00012475168889304600,-0.2957128388317980
0.21888436951217600,-5.72608907399349E-05,-0.36340767919304700
0.22844282533909600,-9.12073551239417E-05,-0.20751980289045600
0.21759907449278000,-0.00011871326876363500,-0.3047158384008860
0.23708266374474600,-0.00015829118447767200,-0.21399763425900100
0.22323186316688900,-0.00013623143616496600,-0.23226847890302800
0.23619062717185700,-0.00013252070293619500,-0.258604245241861
0.20928591823896400,-0.0001527614387048800,-0.42907776408393200
0.23833826933857700,-0.00017027424509005600,-0.2539845200367420
0.23543733312673500,-0.0001841434999198820,-0.23087855192303400
0.23125829266359600,-9.60966116457162E-05,-0.3867202703952250
0.21940373675502300,-0.00011806094841027600,-0.24191232755546200
0.21659206146076600,-0.000140065833624334,-0.40133924089832900
0.2203972913691780,-0.00012079400677431900,-0.36419644193975800
0.22671280615569800,-0.00016828971595884800,-0.3074857230447040
0.21874592116777400,-0.00013737448743303000,-0.22607597573278600
0.22824323455564100,-0.0001464829818083690,-0.1977227713802860
0.23832096731509400,-0.00010510444471232700,-0.2759401681943230
0.22474505123046100,-0.00010348646351804400,-0.28503746416350500
0.23445844553447200,-0.00015621762253475700,-0.22991755013653800
0.22183192353534500,-0.00020523423559583500,-0.327680934320197
0.21870563222187700,-9.89709949644534E-05,-0.21747891738369700
0.22114838166214400,-0.00017185268174585300,-0.29363455923820400
0.21922330722124000,-0.00012148889690731700,-0.3185066081443840
0.216247650770243,-0.00015332278227427300,-0.383257223292093
0.2230026491772930,-0.00016907790170735600,-0.33663573828530800
0.22266427067266800,-0.0001573338906185550,-0.15131190374715100
0.23886738618703000,-8.86477787360107E-05,-0.3298808048581540
0.22255144234025100,-0.00012722224875739700,-0.3219214642982780
0.2180733172202640,-0.000169091086151148,-0.24366632873158600
0.222926483463113,-0.00010427455554451400,-0.2431770452979670
0.2270874853182260,-0.00014833122098676400,-0.3954058198532670
0.2166108818443140,-0.00011106889880929800,-0.24289526922430800
0.2285962674821060,-0.0001536079552333400,-0.3354149473776940
0.21882399895153400,-7.65326285445192E-05,-0.23718568268743700
0.2419047855831970,-0.0001390330013100440,-0.2901703308334590
0.23781789378508600,-0.0001580764007460720,-0.20413937255727500
0.2398966796337920,-0.00013274087303734500,-0.2101508525025340
0.2266576555674620,-0.00014963466879283500,-0.3477995097392360
0.21595168957947900,-0.00010538215504597300,-0.36152943889868300
0.2224130089360830,-0.00013275474114332800,-0.28378506132980600
0.22747497847864500,-8.11288833022424E-05,-0.28834301589766900
0.23122313662583300,-0.00012014966723522800,-0.2787858833405110
0.22766373947979200,-0.00014253307436540800,-0.321403958363789
0.2278834100221270,-0.00015417901393811000,-0.35936994513866000
0.22811569554081000,-0.0001302940554039020,-0.21894437733493300
0.2549663815363160,-0.00011551364151053800,-0.26629715403690900
0.21883882082673400,-0.0001501017631146810,-0.3022103005406010
0.24008391016969700,-0.0001775996059944490,-0.2782306303929050
0.23581460560069200,-0.0001639377836290570,-0.290487468592315
0.23596343533791300,-0.00013225748565573300,-0.3366173755710040
0.22204396963043400,-0.0001217492898988410,-0.3202304346671650
0.2177976428735050,-0.0001399449962992000,-0.39422323120628500
0.22295759514439400,-0.0001250190142250540,-0.4220246759096440
0.22814879426518300,-0.00019240709480208400,-0.2573609061667180
0.21726304158147300,-0.00014908208779526700,-0.22224725570406700
0.23057155210397400,-0.00014033773285663000,-0.19695763573199700
0.24506617484734900,-0.00011151592976361700,-0.2662935623140490
0.22091044361004100,-0.0001273837021761510,-0.31926354393291500
0.22913120766754300,-0.00018279289318377500,-0.23085713650712400
0.22226622344551300,-0.00010900440810609300,-0.24488584251579200
0.22148282662410200,-0.00016178246627498200,-0.2863234711643070
0.21511543846198700,-0.00017817161536605500,-0.3617972672633500
0.22885505277537200,-0.00015036216112655100,-0.3482945905785610
0.21513551047364400,-0.00016203855036358800,-0.45130620288139500
0.2262469816003160,-0.00014579223760918500,-0.35178883084797000
0.21996754697796500,-0.00014592766879438600,-0.25079087679952600
0.23583746408193100,-0.00010669634157825900,-0.31126055012077500
0.23529957195863000,-8.88003799634174E-05,-0.30692242857256500
0.22062966968977000,-0.0001493126717045630,-0.24325934145567600
0.2207048031972330,-0.0001001667170756590,-0.22213869814869000
0.22691985729412100,-0.00013770838746858700,-0.34231124195922500
0.21474505882196400,-0.00011086469225501000,-0.2260512460496730
0.23286352811895500,-0.00014966701834919900,-0.4064129588711410
0.23108644419641400,-0.0001291858562119360,-0.305241218203006
0.20760522922323600,-0.00012426176260558700,-0.14611257128708200
0.23492379658568600,-0.00016189447934805300,-0.188020164210163
0.22830031839128500,-0.00012742760209705000,-0.20695922237602000
0.23220910102084900,-0.000136918582622425,-0.3175316571670010
0.22247178454559300,-0.00011118601285203200,-0.3519758220458880
0.22908206977663100,-0.0001545146099405930,-0.28390898689380200
0.2229374604948910,-0.00012522606313789300,-0.2862672132188190
0.21722103597610900,-0.00010557367282862200,-0.3495879199764110
0.2210946316990690,-8.54299391137355E-05,-0.36963428486078800
0.22096305302472000,-0.00016235906364319400,-0.40143469354466800
0.24466687555611500,-0.00015126479938471700,-0.18258990104167200
0.23664177091867200,-0.0001365621766076960,-0.3221737741176140
0.20702305615749700,-0.0001872832491312930,-0.27784911319523600
0.22771499825592400,-0.0001447171317903670,-0.32701614237080800
0.23396307661256100,-0.0001338439969206980,-0.2594079079955010
0.23600526397539000,-0.00010488390315256400,-0.32714595650013800
0.2304526150354790,-0.00016568557344991700,-0.3920057074341770
0.2343433074436700,-0.00011462508130223400,-0.3384677680796550
0.22198719166607500,-0.0001369090234022000,-0.35602370306965500
0.22879463405056000,-0.00021902808386115000,-0.1796058233894510
0.2205948002053110,-0.00014437852307810000,-0.2892104974355680
0.23166034159273900,-0.00015068309978906500,-0.17416617052615400
0.24172544221163300,-0.00013148010789707700,-0.26898484549507700
0.2250879552521790,-0.00011014820524982300,-0.21118046238142100
0.223998779054853,-0.0001806591743789010,-0.23056905676643600
0.22676199507736100,-6.67662152066873E-05,-0.2156412416854840
0.21917748499124600,-0.00017910413197079600,-0.2637972777410940
0.22161383298776700,-0.00014210937487614700,-0.32238973429691500
0.23144974130151400,-0.00018897695750812100,-0.33266262229622900
0.23970496682531700,-0.000125090024528269,-0.40888665612214200
0.23460300475465700,-0.00014153144956866200,-0.42551086090381000
0.21537043035055200,-0.00015390044371697000,-0.2811763747708980
0.23704534844746000,-0.00011433015146410600,-0.27771276755136800
0.23694368094622100,-0.0001098880522314320,-0.31092502018697600
0.22557521060011200,-0.00014073891423060200,-0.2454011830602750
0.22842375410437000,-0.00016704395646340200,-0.3600673841732680
0.23111609050510500,-0.00015194231704855100,-0.3512724813945280
0.22245491642269200,-0.000138814591922735,-0.1945941610285670
0.22800785372445300,-0.00012633161961816100,-0.37371977231657800
0.23328187806905900,-0.00010457068454524100,-0.23201775675320600
0.21726427451736600,-0.00010651569202591800,-0.2556084476965850
0.23923922706043100,-0.0001791054746395860,-0.2627937706401410
0.23439838667327400,-0.00010993296623312100,-0.3472775325946090
0.22843397726457600,-0.00013942088689816200,-0.32520709386892400
0.22795776686826200,-0.00013562143089444900,-0.25988380707483400
0.23496691959230800,-0.0001864997936246030,-0.4097376021195810
0.2156559611191160,-0.0001299380741652340,-0.2644539462969930
0.22392922231690900,-0.00016525804549460000,-0.33652137933432700
0.21273117453186200,-8.98933953808001E-05,-0.3890467396047590
0.2208537743208030,-0.00015280504716228900,-0.33904814295290500
0.234656318837739,-0.00014774387822267300,-0.23810730606937500
0.231509672712161,-0.00015036021095793800,-0.2986279058361180
0.21519823286814300,-0.00016468685090509900,-0.29780148704366400
0.21478779148538000,-0.00010221215630503500,-0.30397066221609200
0.22512345517553900,-0.00011847131218843100,-0.2737098508549240
0.2231784185600930,-0.00010338334062589000,-0.30401311975986800
0.23045414222089600,-0.00017540815795711800,-0.42642726165176200
0.24251198802219100,-0.00011396756608993900,-0.3001015877376820
0.21813898465418400,-0.00010033738577642600,-0.31011906213786200
0.228656924298991,-0.00019628016664688100,-0.264129878043029
0.22890115798815500,-0.00014692991589375800,-0.30118059661124900
0.22798609953449700,-0.00014825508964147600,-0.18189062326382000
0.23875864582744200,-0.0001489347172087750,-0.2611194787638220
0.2248906911639550,-0.00017427425277472100,-0.3284238309366600
0.22307000836523500,-0.00010711787048428800,-0.2186740500574650
0.2206458507113270,-7.82167602053554E-05,-0.20506155161202400
0.22741357320937600,-0.00013792453577487600,-0.2606891572751190
0.22471069072690100,-0.00011089530306599800,-0.293997569751502
0.23057936824524800,-0.00019827689910761600,-0.3636665975230870
0.23511405304560800,-0.00013538791437977300,-0.2926146638373480
0.22986776454322400,-0.00011847383612358200,-0.395193587735866
0.21364996096257300,-0.0001792652108734360,-0.24894846888732400
0.23249051583493800,-0.00012120871763835400,-0.25682860329690300
0.23764656002670700,-7.28138004570427E-05,-0.32861397417008300
0.23177010187459000,-0.00014822289500111300,-0.29161334467803500
0.22793282627595300,-0.00017593780108050000,-0.31394176245744000
0.23169747773122800,-0.0001491658490276330,-0.34488365330542600
